{
  "type": "FeatureCollection",
  "generator": "overpass-turbo",
  "copyright": "The data included in this document is from www.openstreetmap.org. The data is made available under ODbL.",
  "timestamp": "2026-07-14T07:20:15Z",
  "features": [
    {
      "type": "Feature",
      "properties": {
        "@id": "node/575231600",
        "amenity": "school",
        "name": "अक्सफर्ड बोर्डिङ स्कुल",
        "name:en": "Oxford Boarding School",
        "name:ne": "अक्सफर्ड बोर्डिङ स्कुल"
      },
      "geometry": {
        "type": "Point",
        "coordinates": [
          85.3017867,
          27.7201758
        ]
      },
      "id": "node/575231600"
    },
    {
      "type": "Feature",
      "properties": {
        "@id": "node/1497181834",
        "amenity": "kindergarten",
        "name": "युरो किड्स",
        "name:en": "Euro Kids",
        "name:ne": "युरो किड्स"
      },
      "geometry": {
        "type": "Point",
        "coordinates": [
          85.2866,
          27.7061958
        ]
      },
      "id": "node/1497181834"
    },
    {
      "type": "Feature",
      "properties": {
        "@id": "node/1787037891",
        "amenity": "school",
        "name": "क्यास्पियन कलेज",
        "name:en": "caspian college",
        "name:ne": "क्यास्पियन कलेज"
      },
      "geometry": {
        "type": "Point",
        "coordinates": [
          85.3199071,
          27.6727679
        ]
      },
      "id": "node/1787037891"
    },
    {
      "type": "Feature",
      "properties": {
        "@id": "node/1792687580",
        "amenity": "school",
        "name": "वेल्हम्स कलेज",
        "name:en": "Welhams College",
        "name:ne": "वेल्हम्स कलेज"
      },
      "geometry": {
        "type": "Point",
        "coordinates": [
          85.3161397,
          27.6721799
        ]
      },
      "id": "node/1792687580"
    },
    {
      "type": "Feature",
      "properties": {
        "@id": "node/1817226599",
        "amenity": "kindergarten",
        "name": "Buttercup Kindergarten"
      },
      "geometry": {
        "type": "Point",
        "coordinates": [
          85.3102162,
          27.67487
        ]
      },
      "id": "node/1817226599"
    },
    {
      "type": "Feature",
      "properties": {
        "@id": "node/1849349015",
        "amenity": "school",
        "name": "पाटन बहुमुखी क्याम्पस",
        "name:en": "Patan Multiple Campus",
        "name:ne": "पाटन बहुमुखी क्याम्पस"
      },
      "geometry": {
        "type": "Point",
        "coordinates": [
          85.3213876,
          27.6785826
        ]
      },
      "id": "node/1849349015"
    },
    {
      "type": "Feature",
      "properties": {
        "@id": "node/1849454380",
        "amenity": "school",
        "name": "पाटन उच्च माध्यमिक विद्यालय",
        "name:en": "Patan Higher Secondary School",
        "name:ne": "पाटन उच्च माध्यमिक विद्यालय",
        "phone": "01-5521708, 01-5531443"
      },
      "geometry": {
        "type": "Point",
        "coordinates": [
          85.3216148,
          27.6787529
        ]
      },
      "id": "node/1849454380"
    },
    {
      "type": "Feature",
      "properties": {
        "@id": "node/1849461235",
        "amenity": "driving_school",
        "name": "Easy Motor Training Centre",
        "phone": "01-5539912; 9808046083; 9841374943"
      },
      "geometry": {
        "type": "Point",
        "coordinates": [
          85.3212834,
          27.6783597
        ]
      },
      "id": "node/1849461235"
    },
    {
      "type": "Feature",
      "properties": {
        "@id": "node/1885265090",
        "amenity": "kindergarten",
        "name": "Tiny Seeds Kindergarten"
      },
      "geometry": {
        "type": "Point",
        "coordinates": [
          85.3002305,
          27.7179859
        ]
      },
      "id": "node/1885265090"
    },
    {
      "type": "Feature",
      "properties": {
        "@id": "node/1891533734",
        "amenity": "school",
        "name": "सीगेट इन्स्टिच्युट अफ टेक्नोलोजी",
        "name:en": "SeaGate Institute of Technology",
        "name:ne": "सीगेट इन्स्टिच्युट अफ टेक्नोलोजी"
      },
      "geometry": {
        "type": "Point",
        "coordinates": [
          85.3184703,
          27.6844202
        ]
      },
      "id": "node/1891533734"
    },
    {
      "type": "Feature",
      "properties": {
        "@id": "node/1892796767",
        "amenity": "school",
        "name": "सचदेवा संस्थान",
        "name:en": "Sachdeva Institute",
        "name:ne": "सचदेवा संस्थान"
      },
      "geometry": {
        "type": "Point",
        "coordinates": [
          85.3192223,
          27.7032639
        ]
      },
      "id": "node/1892796767"
    },
    {
      "type": "Feature",
      "properties": {
        "@id": "node/1894371660",
        "amenity": "school",
        "building": "yes",
        "name": "डेनेब इन्टरनेशनल स्कुल",
        "name:en": "Deneb International School",
        "name:ne": "डेनेब इन्टरनेशनल स्कुल"
      },
      "geometry": {
        "type": "Point",
        "coordinates": [
          85.3318806,
          27.6915987
        ]
      },
      "id": "node/1894371660"
    },
    {
      "type": "Feature",
      "properties": {
        "@id": "node/1899470621",
        "amenity": "school",
        "name": "सहयोगी बैकलपिक विद्यालय",
        "name:en": "Sahayogi Baikalpik Vidyalaya",
        "name:ne": "सहयोगी बैकलपिक विद्यालय"
      },
      "geometry": {
        "type": "Point",
        "coordinates": [
          85.3316446,
          27.7209655
        ]
      },
      "id": "node/1899470621"
    },
    {
      "type": "Feature",
      "properties": {
        "@id": "node/1904216004",
        "amenity": "school",
        "name": "तिब्बती थन्का प्रशिक्षण विद्यालय",
        "name:en": "Tibetan Thanka training school",
        "name:ne": "तिब्बती थन्का प्रशिक्षण विद्यालय",
        "student:count": "35"
      },
      "geometry": {
        "type": "Point",
        "coordinates": [
          85.3248365,
          27.6748737
        ]
      },
      "id": "node/1904216004"
    },
    {
      "type": "Feature",
      "properties": {
        "@id": "node/1904243450",
        "amenity": "school",
        "name": "यमनताका थन्का विद्यालय",
        "name:en": "Yamantaka thanka school",
        "name:ne": "यमनताका थन्का विद्यालय"
      },
      "geometry": {
        "type": "Point",
        "coordinates": [
          85.3243351,
          27.6744995
        ]
      },
      "id": "node/1904243450"
    },
    {
      "type": "Feature",
      "properties": {
        "@id": "node/1905155339",
        "amenity": "kindergarten",
        "name": "Euro Kids"
      },
      "geometry": {
        "type": "Point",
        "coordinates": [
          85.3436965,
          27.7397281
        ]
      },
      "id": "node/1905155339"
    },
    {
      "type": "Feature",
      "properties": {
        "@id": "node/1905155374",
        "amenity": "school",
        "name": "शुसिला कला एकेडेमी",
        "name:en": "Sushila Arts Academy",
        "name:ne": "शुसिला कला एकेडेमी"
      },
      "geometry": {
        "type": "Point",
        "coordinates": [
          85.343658,
          27.7385565
        ]
      },
      "id": "node/1905155374"
    },
    {
      "type": "Feature",
      "properties": {
        "@id": "node/1905312697",
        "amenity": "school",
        "name": "न्यु सम्मिट विद्यालय",
        "name:en": "New Summit School",
        "name:ne": "न्यु सम्मिट विद्यालय"
      },
      "geometry": {
        "type": "Point",
        "coordinates": [
          85.3332513,
          27.7038766
        ]
      },
      "id": "node/1905312697"
    },
    {
      "type": "Feature",
      "properties": {
        "@id": "node/1905319787",
        "amenity": "school",
        "name": "बेगीनर्स होम एकेडेमी",
        "name:en": "Beginners' Home academy",
        "name:ne": "बेगीनर्स होम एकेडेमी"
      },
      "geometry": {
        "type": "Point",
        "coordinates": [
          85.3220186,
          27.7008865
        ]
      },
      "id": "node/1905319787"
    },
    {
      "type": "Feature",
      "properties": {
        "@id": "node/1905319789",
        "amenity": "college",
        "name": "वेस्टबाउन्ड इन्टरनेशनल कलेज",
        "name:en": "Westbound International College",
        "name:ne": "वेस्टबाउन्ड इन्टरनेशनल कलेज"
      },
      "geometry": {
        "type": "Point",
        "coordinates": [
          85.3219524,
          27.7005535
        ]
      },
      "id": "node/1905319789"
    },
    {
      "type": "Feature",
      "properties": {
        "@id": "node/1905332715",
        "amenity": "school",
        "name": "काठमाडौं उपत्यका शिक्षा केन्द्र",
        "name:en": "Kathmandu Valley Education Center",
        "name:ne": "काठमाडौं उपत्यका शिक्षा केन्द्र"
      },
      "geometry": {
        "type": "Point",
        "coordinates": [
          85.322144,
          27.701804
        ]
      },
      "id": "node/1905332715"
    },
    {
      "type": "Feature",
      "properties": {
        "@id": "node/1905343593",
        "amenity": "school",
        "name": "अमेरिकन एजुकेशन फाउण्डेशन",
        "name:en": "American Education Foundation",
        "name:ne": "अमेरिकन एजुकेशन फाउण्डेशन"
      },
      "geometry": {
        "type": "Point",
        "coordinates": [
          85.3225938,
          27.7029137
        ]
      },
      "id": "node/1905343593"
    },
    {
      "type": "Feature",
      "properties": {
        "@id": "node/1905354084",
        "amenity": "school",
        "name": "राइजिङ रे बोर्डिङ स्कूल",
        "name:en": "Rising ray bording school",
        "name:ne": "राइजिङ रे बोर्डिङ स्कूल"
      },
      "geometry": {
        "type": "Point",
        "coordinates": [
          85.3230168,
          27.7026443
        ]
      },
      "id": "node/1905354084"
    },
    {
      "type": "Feature",
      "properties": {
        "@id": "node/1905356769",
        "amenity": "kindergarten",
        "name": "New Don Bosco for Kids"
      },
      "geometry": {
        "type": "Point",
        "coordinates": [
          85.3233089,
          27.7025115
        ]
      },
      "id": "node/1905356769"
    },
    {
      "type": "Feature",
      "properties": {
        "@id": "node/1905359703",
        "amenity": "school",
        "name": "सिमा सीए वर्गहरू क्लासेस",
        "name:en": "CIMA CA classes",
        "name:ne": "सिमा सीए वर्गहरू क्लासेस"
      },
      "geometry": {
        "type": "Point",
        "coordinates": [
          85.3244126,
          27.7021604
        ]
      },
      "id": "node/1905359703"
    },
    {
      "type": "Feature",
      "properties": {
        "@id": "node/1905365904",
        "amenity": "school",
        "name": "भाइब्रेन्ट प्रवेश तयारी संस्था ",
        "name:en": "Vibrant Entrance Preparation Institute",
        "name:ne": "भाइब्रेन्ट प्रवेश तयारी संस्था "
      },
      "geometry": {
        "type": "Point",
        "coordinates": [
          85.3237769,
          27.7011113
        ]
      },
      "id": "node/1905365904"
    },
    {
      "type": "Feature",
      "properties": {
        "@id": "node/1905368913",
        "amenity": "college",
        "name": "सिसि एम् ए कलेज",
        "name:en": "CCMA college",
        "name:ne": "सिसि एम् ए कलेज"
      },
      "geometry": {
        "type": "Point",
        "coordinates": [
          85.3236267,
          27.7009679
        ]
      },
      "id": "node/1905368913"
    },
    {
      "type": "Feature",
      "properties": {
        "@id": "node/1905390641",
        "amenity": "school",
        "name": "Universal language and computer institute"
      },
      "geometry": {
        "type": "Point",
        "coordinates": [
          85.3250159,
          27.7050283
        ]
      },
      "id": "node/1905390641"
    },
    {
      "type": "Feature",
      "properties": {
        "@id": "node/1907900678",
        "amenity": "kindergarten",
        "name": "Wonder Years Montessori"
      },
      "geometry": {
        "type": "Point",
        "coordinates": [
          85.3328101,
          27.7247694
        ]
      },
      "id": "node/1907900678"
    },
    {
      "type": "Feature",
      "properties": {
        "@id": "node/1911303392",
        "amenity": "college",
        "name": "Chiran-Milan Bishwoshanti Campus"
      },
      "geometry": {
        "type": "Point",
        "coordinates": [
          85.3449938,
          27.7411795
        ]
      },
      "id": "node/1911303392"
    },
    {
      "type": "Feature",
      "properties": {
        "@id": "node/1914258275",
        "amenity": "college",
        "name": "Brilliant Multiple Campus"
      },
      "geometry": {
        "type": "Point",
        "coordinates": [
          85.3410942,
          27.71399
        ]
      },
      "id": "node/1914258275"
    },
    {
      "type": "Feature",
      "properties": {
        "@id": "node/1917102703",
        "amenity": "college",
        "name": "महाराजगञ्ज नर्सिङ क्याम्पस",
        "name:en": "Maharajganj Nursing Campus",
        "name:ne": "महाराजगञ्ज नर्सिङ क्याम्पस"
      },
      "geometry": {
        "type": "Point",
        "coordinates": [
          85.3315215,
          27.7362438
        ]
      },
      "id": "node/1917102703"
    },
    {
      "type": "Feature",
      "properties": {
        "@id": "node/1917102707",
        "amenity": "kindergarten",
        "name": "Montessori Kinderworld"
      },
      "geometry": {
        "type": "Point",
        "coordinates": [
          85.3347408,
          27.7376906
        ]
      },
      "id": "node/1917102707"
    },
    {
      "type": "Feature",
      "properties": {
        "@id": "node/1918582159",
        "amenity": "college",
        "name": "Institute of Medicine, Deans Office",
        "operator": "Dean, IOM",
        "toilets:wheelchair": "no",
        "wheelchair": "no"
      },
      "geometry": {
        "type": "Point",
        "coordinates": [
          85.3306769,
          27.7348763
        ]
      },
      "id": "node/1918582159"
    },
    {
      "type": "Feature",
      "properties": {
        "@id": "node/1923834353",
        "amenity": "school",
        "name": "lगोल्डेन अफ विश्डम विद्यालय",
        "name:en": "Garden of Wisdom School",
        "name:ne": "गोल्डेन अफ विश्डम विद्यालय"
      },
      "geometry": {
        "type": "Point",
        "coordinates": [
          85.3410579,
          27.6784452
        ]
      },
      "id": "node/1923834353"
    },
    {
      "type": "Feature",
      "properties": {
        "@id": "node/1923834368",
        "amenity": "college",
        "name": "भ्याली कलेज अफ इन्जिनियरिङ",
        "name:en": "Valley College of Engineering",
        "name:ne": "भ्याली कलेज अफ इन्जिनियरिङ"
      },
      "geometry": {
        "type": "Point",
        "coordinates": [
          85.341397,
          27.6784538
        ]
      },
      "id": "node/1923834368"
    },
    {
      "type": "Feature",
      "properties": {
        "@id": "node/1923848923",
        "amenity": "school",
        "name": "बाबा शिक्षा एकेडेमी",
        "name:en": "Baba Education Academy",
        "name:ne": "बाबा शिक्षा एकेडेमी"
      },
      "geometry": {
        "type": "Point",
        "coordinates": [
          85.3478143,
          27.6790867
        ]
      },
      "id": "node/1923848923"
    },
    {
      "type": "Feature",
      "properties": {
        "@id": "node/1927515429",
        "amenity": "college",
        "name": "विज्ञान र प्रविधि इन्जिनियरिङ एकेडेमी",
        "name:en": "Engineering Academy of Science and Technology",
        "name:ne": "विज्ञान र प्रविधि इन्जिनियरिङ एकेडेमी"
      },
      "geometry": {
        "type": "Point",
        "coordinates": [
          85.342491,
          27.6742472
        ]
      },
      "id": "node/1927515429"
    },
    {
      "type": "Feature",
      "properties": {
        "@id": "node/1936280980",
        "amenity": "college",
        "name": "College of Applied Food and Dairy Technology"
      },
      "geometry": {
        "type": "Point",
        "coordinates": [
          85.3379942,
          27.6865485
        ]
      },
      "id": "node/1936280980"
    },
    {
      "type": "Feature",
      "properties": {
        "@id": "node/1936281000",
        "amenity": "kindergarten",
        "name": "नेस्टिङ स्कुल",
        "name:en": "Nesting School",
        "name:ne": "नेस्टिङ स्कुल"
      },
      "geometry": {
        "type": "Point",
        "coordinates": [
          85.3354191,
          27.6816625
        ]
      },
      "id": "node/1936281000"
    },
    {
      "type": "Feature",
      "properties": {
        "@id": "node/1937647445",
        "amenity": "college",
        "name": "Nepal administrative Staff College"
      },
      "geometry": {
        "type": "Point",
        "coordinates": [
          85.3122305,
          27.6709148
        ]
      },
      "id": "node/1937647445"
    },
    {
      "type": "Feature",
      "properties": {
        "@id": "node/1937688845",
        "amenity": "college",
        "name": "CPS HSS college"
      },
      "geometry": {
        "type": "Point",
        "coordinates": [
          85.3178574,
          27.6672725
        ]
      },
      "id": "node/1937688845"
    },
    {
      "type": "Feature",
      "properties": {
        "@id": "node/1937705143",
        "amenity": "school",
        "name": "हिमालय इन्टरनेशनल किन्डरगार्डन",
        "name:en": "Himalayan International Kindergarden",
        "name:ne": "हिमालय अन्तर्राष्ट्रिय किन्डरगार्डन"
      },
      "geometry": {
        "type": "Point",
        "coordinates": [
          85.3058314,
          27.6739072
        ]
      },
      "id": "node/1937705143"
    },
    {
      "type": "Feature",
      "properties": {
        "@id": "node/1937710541",
        "amenity": "school",
        "name": "International Playgroup and Play School"
      },
      "geometry": {
        "type": "Point",
        "coordinates": [
          85.3057332,
          27.6785823
        ]
      },
      "id": "node/1937710541"
    },
    {
      "type": "Feature",
      "properties": {
        "@id": "node/1937710579",
        "amenity": "kindergarten",
        "name": "Montessori Kopila",
        "name:en": "Montessori Kopila"
      },
      "geometry": {
        "type": "Point",
        "coordinates": [
          85.3044179,
          27.678624
        ]
      },
      "id": "node/1937710579"
    },
    {
      "type": "Feature",
      "properties": {
        "@id": "node/1937717782",
        "amenity": "school",
        "name": "एपटेक कम्प्युटर शिक्षा संस्थान",
        "name:en": "Aptech computer education institute",
        "name:ne": "एपटेक कम्प्युटर शिक्षा संस्थान"
      },
      "geometry": {
        "type": "Point",
        "coordinates": [
          85.3187719,
          27.6715966
        ]
      },
      "id": "node/1937717782"
    },
    {
      "type": "Feature",
      "properties": {
        "@id": "node/1937718395",
        "amenity": "school",
        "name": "ज्ञान सिखा आवस्य उच्च माध्यमिक विद्यालय",
        "name:en": "Gyan Sikha Boarding High School",
        "name:ne": "ज्ञान सिखा आवस्य उच्च माध्यमिक विद्यालय"
      },
      "geometry": {
        "type": "Point",
        "coordinates": [
          85.3175122,
          27.6732994
        ]
      },
      "id": "node/1937718395"
    },
    {
      "type": "Feature",
      "properties": {
        "@id": "node/1937718408",
        "amenity": "school",
        "name": "हिमालय ह्वाइट हाउस ओपन स्कूल",
        "name:en": "Himalayan White House Open School",
        "name:ne": "हिमालय ह्वाइट हाउस ओपन स्कूल"
      },
      "geometry": {
        "type": "Point",
        "coordinates": [
          85.3163134,
          27.6755264
        ]
      },
      "id": "node/1937718408"
    },
    {
      "type": "Feature",
      "properties": {
        "@id": "node/1937718475",
        "amenity": "kindergarten",
        "name": "Prerana Kids Courtyard"
      },
      "geometry": {
        "type": "Point",
        "coordinates": [
          85.315743,
          27.6742901
        ]
      },
      "id": "node/1937718475"
    },
    {
      "type": "Feature",
      "properties": {
        "@id": "node/1937718496",
        "amenity": "school",
        "name": "सगरमाथा बोर्डिङ हाई स्कूल",
        "name:en": "Sagarmatha Boarding High School",
        "name:ne": "सगरमाथा बोर्डिङ हाई स्कूल"
      },
      "geometry": {
        "type": "Point",
        "coordinates": [
          85.3156271,
          27.6742054
        ]
      },
      "id": "node/1937718496"
    },
    {
      "type": "Feature",
      "properties": {
        "@id": "node/1937721976",
        "amenity": "school",
        "name": "एबरडीन अन्तर्राष्ट्रिय कलेज",
        "name:en": "Aberdeen Int'l College",
        "name:ne": "एबरडीन अन्तर्राष्ट्रिय कलेज"
      },
      "geometry": {
        "type": "Point",
        "coordinates": [
          85.3177053,
          27.6728012
        ]
      },
      "id": "node/1937721976"
    },
    {
      "type": "Feature",
      "properties": {
        "@id": "node/1937721997",
        "amenity": "school",
        "name": "विद्या विकास बोर्डिङ हाई स्कूल",
        "name:en": "Vidya Vikash Boarding High School",
        "name:ne": "विद्या विकास बोर्डिङ हाई स्कूल"
      },
      "geometry": {
        "type": "Point",
        "coordinates": [
          85.3188426,
          27.6732753
        ]
      },
      "id": "node/1937721997"
    },
    {
      "type": "Feature",
      "properties": {
        "@id": "node/1939209004",
        "amenity": "school",
        "name": "एपेक्स लाइफ स्कुल",
        "name:en": "apex life school",
        "name:ne": "एपेक्स लाइफ स्कुल"
      },
      "geometry": {
        "type": "Point",
        "coordinates": [
          85.3377305,
          27.6990267
        ]
      },
      "id": "node/1939209004"
    },
    {
      "type": "Feature",
      "properties": {
        "@id": "node/1941204615",
        "amenity": "college",
        "name:ne": "हिमालय ईन्जिनियरिङ्ग कलेज"
      },
      "geometry": {
        "type": "Point",
        "coordinates": [
          85.3271716,
          27.6871904
        ]
      },
      "id": "node/1941204615"
    },
    {
      "type": "Feature",
      "properties": {
        "@id": "node/1962290903",
        "amenity": "college",
        "name": "IEC College of Art & Fashion",
        "phone": "014432178",
        "website": "https://ieccollege.com.np/"
      },
      "geometry": {
        "type": "Point",
        "coordinates": [
          85.3365159,
          27.7233063
        ]
      },
      "id": "node/1962290903"
    },
    {
      "type": "Feature",
      "properties": {
        "@id": "node/1962367562",
        "amenity": "school",
        "name": "काठमाडौं अंग्रेजी विद्यालय",
        "name:en": "Kathmandu English School",
        "name:ne": "काठमाडौं अंग्रेजी विद्यालय",
        "opening_hours": "Su-Fr; Sa 10:00-16:00",
        "phone": "01 4414369"
      },
      "geometry": {
        "type": "Point",
        "coordinates": [
          85.3324399,
          27.7132927
        ]
      },
      "id": "node/1962367562"
    },
    {
      "type": "Feature",
      "properties": {
        "@id": "node/1967824798",
        "amenity": "college",
        "name": "एभरेस्ट कलेज अफ मल्टिपल स्टडीज",
        "name:en": "Everest College of Multiple Studies",
        "name:ne": "एभरेस्ट कलेज अफ मल्टिपल स्टडीज"
      },
      "geometry": {
        "type": "Point",
        "coordinates": [
          85.3128745,
          27.719856
        ]
      },
      "id": "node/1967824798"
    },
    {
      "type": "Feature",
      "properties": {
        "@id": "node/1967824821",
        "amenity": "kindergarten",
        "name": "Satyam Day Care Center"
      },
      "geometry": {
        "type": "Point",
        "coordinates": [
          85.3154979,
          27.7239062
        ]
      },
      "id": "node/1967824821"
    },
    {
      "type": "Feature",
      "properties": {
        "@id": "node/1967824833",
        "amenity": "school",
        "name": "वेस्टवुड  इन्टरनेसनल प्री विद्यालय",
        "name:en": "Westwood International Pre School",
        "name:ne": "वेस्टवुड  इन्टरनेसनल प्री विद्यालय"
      },
      "geometry": {
        "type": "Point",
        "coordinates": [
          85.3134439,
          27.7225939
        ]
      },
      "id": "node/1967824833"
    },
    {
      "type": "Feature",
      "properties": {
        "@id": "node/1977514708",
        "amenity": "school",
        "name": "किन्डर केयर इन्टरनेसनल",
        "name:en": "Kinder Care International",
        "name:ne": "किन्डर केयर इन्टरनेसनल"
      },
      "geometry": {
        "type": "Point",
        "coordinates": [
          85.3096223,
          27.7204411
        ]
      },
      "id": "node/1977514708"
    },
    {
      "type": "Feature",
      "properties": {
        "@id": "node/1979178693",
        "amenity": "school",
        "name": "सेक्रेड कोस्मोस इन्टरनेशनल एजुकेशन फाउन्डेशन प्रि-स्कूल",
        "name:en": "Sacred Cosmos International Education Foundation Pre School",
        "name:ne": "सेक्रेड कोस्मोस इन्टरनेशनल एजुकेशन फाउन्डेशन प्रि-स्कूल"
      },
      "geometry": {
        "type": "Point",
        "coordinates": [
          85.3132038,
          27.7260679
        ]
      },
      "id": "node/1979178693"
    },
    {
      "type": "Feature",
      "properties": {
        "@id": "node/1982131524",
        "amenity": "school",
        "name": "क्युट चाइल्ड मन्टेश्वरी",
        "name:en": "Cute Child's Montessori",
        "name:ne": "क्युट चाइल्ड मन्टेश्वरी"
      },
      "geometry": {
        "type": "Point",
        "coordinates": [
          85.3126767,
          27.7283845
        ]
      },
      "id": "node/1982131524"
    },
    {
      "type": "Feature",
      "properties": {
        "@id": "node/1989508667",
        "amenity": "college",
        "name": "NavaJyoti College of Management"
      },
      "geometry": {
        "type": "Point",
        "coordinates": [
          85.3482625,
          27.6824493
        ]
      },
      "id": "node/1989508667"
    },
    {
      "type": "Feature",
      "properties": {
        "@id": "node/1989508695",
        "amenity": "driving_school",
        "name": "Shreekhanda Motor Driving School"
      },
      "geometry": {
        "type": "Point",
        "coordinates": [
          85.3415642,
          27.681678
        ]
      },
      "id": "node/1989508695"
    },
    {
      "type": "Feature",
      "properties": {
        "@id": "node/1992068548",
        "amenity": "college",
        "name": "वफादारी एकेडेमी",
        "name:en": "Loyalty Academy",
        "name:ne": "वफादारी एकेडेमी"
      },
      "geometry": {
        "type": "Point",
        "coordinates": [
          85.3539085,
          27.7369338
        ]
      },
      "id": "node/1992068548"
    },
    {
      "type": "Feature",
      "properties": {
        "@id": "node/1996610093",
        "addr:street": "Devkota Sadak",
        "amenity": "college",
        "name": "Himalayan WhiteHouse International College",
        "name:en": "Himalayan Whitehouse Graduate School of Management",
        "opening_hours": "Su-Fr 06:00-04:00"
      },
      "geometry": {
        "type": "Point",
        "coordinates": [
          85.3374622,
          27.6944094
        ]
      },
      "id": "node/1996610093"
    },
    {
      "type": "Feature",
      "properties": {
        "@id": "node/1996610766",
        "amenity": "school",
        "name": "पाठशाला नेपाल",
        "name:en": "Pathshala Nepal",
        "name:ne": "पाठशाला नेपाल"
      },
      "geometry": {
        "type": "Point",
        "coordinates": [
          85.3336305,
          27.6941911
        ]
      },
      "id": "node/1996610766"
    },
    {
      "type": "Feature",
      "properties": {
        "@id": "node/1996639812",
        "amenity": "college",
        "name": "Rajdhani Model college"
      },
      "geometry": {
        "type": "Point",
        "coordinates": [
          85.3386698,
          27.6995256
        ]
      },
      "id": "node/1996639812"
    },
    {
      "type": "Feature",
      "properties": {
        "@id": "node/1996650874",
        "amenity": "college",
        "name": "Institute of International Management Science"
      },
      "geometry": {
        "type": "Point",
        "coordinates": [
          85.332132,
          27.7087943
        ]
      },
      "id": "node/1996650874"
    },
    {
      "type": "Feature",
      "properties": {
        "@id": "node/1996650875",
        "amenity": "college",
        "name": "International Centre for Academics",
        "toilets:wheelchair": "limited",
        "wheelchair": "yes"
      },
      "geometry": {
        "type": "Point",
        "coordinates": [
          85.3324131,
          27.7092423
        ]
      },
      "id": "node/1996650875"
    },
    {
      "type": "Feature",
      "properties": {
        "@id": "node/1999696344",
        "amenity": "college",
        "check_date": "2025-05-21",
        "name": "Xavier Academy",
        "toilets:wheelchair": "no",
        "wheelchair": "no"
      },
      "geometry": {
        "type": "Point",
        "coordinates": [
          85.3216785,
          27.7208653
        ]
      },
      "id": "node/1999696344"
    },
    {
      "type": "Feature",
      "properties": {
        "@id": "node/2011843155",
        "addr:city": "Kathmandu",
        "addr:country": "NP",
        "addr:postcode": "00977",
        "addr:state": "Central Region",
        "addr:street": "Srijana Marga",
        "amenity": "kindergarten",
        "contact:email": "Info@bestmontissori.org",
        "name": "Best's Montessori Elementary School",
        "name:en": "Best's Montessori Elementary School",
        "phone": "4005514, 4429479",
        "website": "https://bestmontessori.org/"
      },
      "geometry": {
        "type": "Point",
        "coordinates": [
          85.3235853,
          27.724805
        ]
      },
      "id": "node/2011843155"
    },
    {
      "type": "Feature",
      "properties": {
        "@id": "node/2011847246",
        "addr:city": "Kathmandu",
        "addr:country": "NP",
        "addr:postcode": "00977",
        "addr:state": "Central Region",
        "addr:street": "Khursanitaar Marga",
        "amenity": "school",
        "description": "aefe: agence pour l'enseignement francais a l'etranger",
        "name": "अन्तर्राष्ट्रिय फ्रान्सेली विद्यालय-इकोल फ्रान्सेइज इन्टरनेसनल",
        "name:en": "International French School - Ecole Francaise Internationale",
        "name:ne": "अन्तर्राष्ट्रिय फ्रान्सेली विद्यालय-इकोल फ्रान्सेइज इन्टरनेसनल",
        "phone": "+977-1-4411203",
        "website": "www.ecolenepal.com"
      },
      "geometry": {
        "type": "Point",
        "coordinates": [
          85.3246132,
          27.7251132
        ]
      },
      "id": "node/2011847246"
    },
    {
      "type": "Feature",
      "properties": {
        "@id": "node/2011861271",
        "addr:city": "Kathmandu",
        "addr:country": "NP",
        "addr:postcode": "00977",
        "addr:state": "Central Region",
        "addr:street": "Srijana Marga",
        "amenity": "school",
        "description": "Branch Office",
        "name": "गोरखा शिक्षा तथा करियर संस्थान",
        "name:en": "Gurkha Institute of Education and Career",
        "name:ne": "गोरखा शिक्षा तथा करियर संस्थान"
      },
      "geometry": {
        "type": "Point",
        "coordinates": [
          85.3242486,
          27.7239808
        ]
      },
      "id": "node/2011861271"
    },
    {
      "type": "Feature",
      "properties": {
        "@id": "node/2017902791",
        "amenity": "kindergarten",
        "name": "Wendy House Play Group"
      },
      "geometry": {
        "type": "Point",
        "coordinates": [
          85.3320589,
          27.7197105
        ]
      },
      "id": "node/2017902791"
    },
    {
      "type": "Feature",
      "properties": {
        "@id": "node/2021203137",
        "amenity": "kindergarten",
        "name": "मोनतेसोरी प्री स्कूल",
        "name:en": "Montessori Cottage Pre-School",
        "name:ne": "मोनतेसोरी प्री स्कूल"
      },
      "geometry": {
        "type": "Point",
        "coordinates": [
          85.332176,
          27.7288054
        ]
      },
      "id": "node/2021203137"
    },
    {
      "type": "Feature",
      "properties": {
        "@id": "node/2027856790",
        "addr:street": "New Baneshwor",
        "amenity": "school",
        "name": "होलिभिजन टेक्निकल क्याम्पस",
        "name:en": "Holivision Technical Campus",
        "name:ne": "होलिभिजन टेक्निकल क्याम्पस"
      },
      "geometry": {
        "type": "Point",
        "coordinates": [
          85.3335848,
          27.6913849
        ]
      },
      "id": "node/2027856790"
    },
    {
      "type": "Feature",
      "properties": {
        "@id": "node/2027857088",
        "addr:street": "New Baneshwor",
        "amenity": "school",
        "name": "मेट्रो हाई स्कूल",
        "name:en": "Metro High School",
        "name:ne": "मेट्रो हाई स्कूल"
      },
      "geometry": {
        "type": "Point",
        "coordinates": [
          85.3336707,
          27.6913137
        ]
      },
      "id": "node/2027857088"
    },
    {
      "type": "Feature",
      "properties": {
        "@id": "node/2027863676",
        "amenity": "driving_school",
        "name": "Budathoki Driving Training Center"
      },
      "geometry": {
        "type": "Point",
        "coordinates": [
          85.3359812,
          27.6909161
        ]
      },
      "id": "node/2027863676"
    },
    {
      "type": "Feature",
      "properties": {
        "@id": "node/2027864941",
        "amenity": "college",
        "name": "K&K College",
        "opening_hours": "Su-Fr 06:00-17:00"
      },
      "geometry": {
        "type": "Point",
        "coordinates": [
          85.3351213,
          27.6898793
        ]
      },
      "id": "node/2027864941"
    },
    {
      "type": "Feature",
      "properties": {
        "@id": "node/2027867303",
        "amenity": "kindergarten",
        "name": "Dream World Children Care Academy",
        "name:en": "Dream World Children Care Academy"
      },
      "geometry": {
        "type": "Point",
        "coordinates": [
          85.3348356,
          27.690067
        ]
      },
      "id": "node/2027867303"
    },
    {
      "type": "Feature",
      "properties": {
        "@id": "node/2027880628",
        "amenity": "school",
        "name": "नोर्खिल एकेडेमी",
        "name:en": "Chakrabarti Law College, PU",
        "name:ne": "नोर्खिल एकेडेमी"
      },
      "geometry": {
        "type": "Point",
        "coordinates": [
          85.3293237,
          27.691241
        ]
      },
      "id": "node/2027880628"
    },
    {
      "type": "Feature",
      "properties": {
        "@id": "node/2027891170",
        "amenity": "college",
        "name": "Mega College"
      },
      "geometry": {
        "type": "Point",
        "coordinates": [
          85.3282606,
          27.6914955
        ]
      },
      "id": "node/2027891170"
    },
    {
      "type": "Feature",
      "properties": {
        "@id": "node/2027893827",
        "amenity": "school",
        "name": "साउथपोइन्ट बोर्डिङ हाई स्कूल",
        "name:en": "Southpoint Boarding High School",
        "name:ne": "साउथपोइन्ट बोर्डिङ हाई स्कूल"
      },
      "geometry": {
        "type": "Point",
        "coordinates": [
          85.3284228,
          27.6887369
        ]
      },
      "id": "node/2027893827"
    },
    {
      "type": "Feature",
      "properties": {
        "@id": "node/2028415805",
        "amenity": "kindergarten",
        "name": "Sunny Bunny Kids Care"
      },
      "geometry": {
        "type": "Point",
        "coordinates": [
          85.3437576,
          27.6916233
        ]
      },
      "id": "node/2028415805"
    },
    {
      "type": "Feature",
      "properties": {
        "@id": "node/2074278686",
        "amenity": "college",
        "name": "AJW College- A Level"
      },
      "geometry": {
        "type": "Point",
        "coordinates": [
          85.3263299,
          27.7304238
        ]
      },
      "id": "node/2074278686"
    },
    {
      "type": "Feature",
      "properties": {
        "@id": "node/2079675413",
        "amenity": "college",
        "name": "Modern Hotel Management and Tourism Technology",
        "phone": "+977014363215"
      },
      "geometry": {
        "type": "Point",
        "coordinates": [
          85.334427,
          27.7410586
        ]
      },
      "id": "node/2079675413"
    },
    {
      "type": "Feature",
      "properties": {
        "@id": "node/2082989264",
        "amenity": "driving_school",
        "name": "Utility Driving Center"
      },
      "geometry": {
        "type": "Point",
        "coordinates": [
          85.3389784,
          27.7184874
        ]
      },
      "id": "node/2082989264"
    },
    {
      "type": "Feature",
      "properties": {
        "@id": "node/2085527643",
        "amenity": "driving_school",
        "name": "New Gandaki Driving School"
      },
      "geometry": {
        "type": "Point",
        "coordinates": [
          85.3331653,
          27.7268713
        ]
      },
      "id": "node/2085527643"
    },
    {
      "type": "Feature",
      "properties": {
        "@id": "node/2087434217",
        "amenity": "kindergarten",
        "name": "Bachchu Child Care Centre"
      },
      "geometry": {
        "type": "Point",
        "coordinates": [
          85.3353274,
          27.7189195
        ]
      },
      "id": "node/2087434217"
    },
    {
      "type": "Feature",
      "properties": {
        "@id": "node/2088215385",
        "amenity": "kindergarten",
        "name": "Children's World",
        "phone": "01-4418723"
      },
      "geometry": {
        "type": "Point",
        "coordinates": [
          85.3349952,
          27.7241937
        ]
      },
      "id": "node/2088215385"
    },
    {
      "type": "Feature",
      "properties": {
        "@id": "node/2088215388",
        "amenity": "kindergarten",
        "email": "info@vaatsalya.edu.np",
        "name": "Vaatsalya Pre School",
        "phone": "014417444",
        "website": "http://www.vaatsalya.edu.np"
      },
      "geometry": {
        "type": "Point",
        "coordinates": [
          85.3353281,
          27.7233701
        ]
      },
      "id": "node/2088215388"
    },
    {
      "type": "Feature",
      "properties": {
        "@id": "node/2088226801",
        "amenity": "kindergarten",
        "name": "Angels Kingdom Kindergarten"
      },
      "geometry": {
        "type": "Point",
        "coordinates": [
          85.3238801,
          27.7217397
        ]
      },
      "id": "node/2088226801"
    },
    {
      "type": "Feature",
      "properties": {
        "@id": "node/2090735367",
        "amenity": "school",
        "name": "एकता सदन आवासीय विद्यालय",
        "name:en": "Ekata Sadan Boarding School",
        "name:ne": "एकता सदन आवासीय विद्यालय"
      },
      "geometry": {
        "type": "Point",
        "coordinates": [
          85.3336128,
          27.7165875
        ]
      },
      "id": "node/2090735367"
    },
    {
      "type": "Feature",
      "properties": {
        "@id": "node/2090779305",
        "amenity": "kindergarten",
        "name": "Our Small Wonders Toddlers Pre-School Montessori"
      },
      "geometry": {
        "type": "Point",
        "coordinates": [
          85.3266999,
          27.7196848
        ]
      },
      "id": "node/2090779305"
    },
    {
      "type": "Feature",
      "properties": {
        "@id": "node/2093231495",
        "amenity": "kindergarten",
        "name": "बाल मन्दिर किंडरगार्टन",
        "name:en": "The Bal Mandir Kindergarten",
        "name:ne": "बाल मन्दिर किंडरगार्टन"
      },
      "geometry": {
        "type": "Point",
        "coordinates": [
          85.3314024,
          27.7140495
        ]
      },
      "id": "node/2093231495"
    },
    {
      "type": "Feature",
      "properties": {
        "@id": "node/2101286233",
        "amenity": "school",
        "name": "मिल्स बेरी स्कूल",
        "name:en": "Mills Berry School",
        "name:ne": "मिल्स बेरी स्कूल"
      },
      "geometry": {
        "type": "Point",
        "coordinates": [
          85.3191849,
          27.7208063
        ]
      },
      "id": "node/2101286233"
    },
    {
      "type": "Feature",
      "properties": {
        "@id": "node/2102709324",
        "amenity": "kindergarten",
        "name": "Pure Love Nursery( A peaceful Home School)"
      },
      "geometry": {
        "type": "Point",
        "coordinates": [
          85.3344414,
          27.7120366
        ]
      },
      "id": "node/2102709324"
    },
    {
      "type": "Feature",
      "properties": {
        "@id": "node/2108082407",
        "amenity": "music_school",
        "name": "Ma-han-bwa Dafa Khala"
      },
      "geometry": {
        "type": "Point",
        "coordinates": [
          85.2770265,
          27.6693613
        ]
      },
      "id": "node/2108082407"
    },
    {
      "type": "Feature",
      "properties": {
        "@id": "node/2108676792",
        "amenity": "college",
        "name": "International School of Tourism & Hotel Management"
      },
      "geometry": {
        "type": "Point",
        "coordinates": [
          85.3278517,
          27.7072192
        ]
      },
      "id": "node/2108676792"
    },
    {
      "type": "Feature",
      "properties": {
        "@id": "node/2111864386",
        "amenity": "college",
        "name": "Mountain Television",
        "name:en": "COLLEGE OF BUSINESS MANAGEMENT (CBM)",
        "office": "company"
      },
      "geometry": {
        "type": "Point",
        "coordinates": [
          85.3264215,
          27.7058896
        ]
      },
      "id": "node/2111864386"
    },
    {
      "type": "Feature",
      "properties": {
        "@id": "node/2113579306",
        "amenity": "school",
        "name": "School of Creative Communications"
      },
      "geometry": {
        "type": "Point",
        "coordinates": [
          85.3184409,
          27.68621
        ]
      },
      "id": "node/2113579306"
    },
    {
      "type": "Feature",
      "properties": {
        "@id": "node/2122390088",
        "amenity": "college",
        "designation": "GRADUATES COLLEGE",
        "int_name": "BERNHARDT INTERNATIONAL EDUCATION NETWORK",
        "name": "BERNHARDT COLLEGE",
        "toilets:wheelchair": "no",
        "wheelchair": "limited"
      },
      "geometry": {
        "type": "Point",
        "coordinates": [
          85.2831206,
          27.7020617
        ]
      },
      "id": "node/2122390088"
    },
    {
      "type": "Feature",
      "properties": {
        "@id": "node/2127144862",
        "amenity": "college",
        "name": "Manmohan Memorial College"
      },
      "geometry": {
        "type": "Point",
        "coordinates": [
          85.3091891,
          27.7185984
        ]
      },
      "id": "node/2127144862"
    },
    {
      "type": "Feature",
      "properties": {
        "@id": "node/2127144885",
        "amenity": "school",
        "name": "सान्द्रा नमुना विद्यालय",
        "name:en": "Sandra Namuna School",
        "name:ne": "सान्द्रा नमुना विद्यालय"
      },
      "geometry": {
        "type": "Point",
        "coordinates": [
          85.3095534,
          27.7194598
        ]
      },
      "id": "node/2127144885"
    },
    {
      "type": "Feature",
      "properties": {
        "@id": "node/2127154506",
        "amenity": "college",
        "contact:phone": "01-4360271",
        "name": "Manmohan Memorial College"
      },
      "geometry": {
        "type": "Point",
        "coordinates": [
          85.3091159,
          27.7184913
        ]
      },
      "id": "node/2127154506"
    },
    {
      "type": "Feature",
      "properties": {
        "@id": "node/2127188291",
        "amenity": "college",
        "name": "People Campus (Block A)"
      },
      "geometry": {
        "type": "Point",
        "coordinates": [
          85.3083443,
          27.7145238
        ]
      },
      "id": "node/2127188291"
    },
    {
      "type": "Feature",
      "properties": {
        "@id": "node/2127188292",
        "amenity": "college",
        "name": "People Campus (Block B)"
      },
      "geometry": {
        "type": "Point",
        "coordinates": [
          85.3085421,
          27.7144347
        ]
      },
      "id": "node/2127188292"
    },
    {
      "type": "Feature",
      "properties": {
        "@id": "node/2127195667",
        "amenity": "school",
        "name": "वेस्टवुड इन्टरनेसनल प्री विद्यालय",
        "name:en": "West Wood International Pre-school",
        "name:ne": "वेस्टवुड इन्टरनेसनल प्री विद्यालय"
      },
      "geometry": {
        "type": "Point",
        "coordinates": [
          85.3134273,
          27.7226708
        ]
      },
      "id": "node/2127195667"
    },
    {
      "type": "Feature",
      "properties": {
        "@id": "node/2128609422",
        "amenity": "school",
        "name": "waterbrdige test"
      },
      "geometry": {
        "type": "Point",
        "coordinates": [
          85.3184996,
          27.6844863
        ]
      },
      "id": "node/2128609422"
    },
    {
      "type": "Feature",
      "properties": {
        "@id": "node/2128621042",
        "amenity": "school",
        "name": "Hobby Art Class"
      },
      "geometry": {
        "type": "Point",
        "coordinates": [
          85.3163406,
          27.6817925
        ]
      },
      "id": "node/2128621042"
    },
    {
      "type": "Feature",
      "properties": {
        "@id": "node/2164964251",
        "amenity": "college",
        "name": "Asian College"
      },
      "geometry": {
        "type": "Point",
        "coordinates": [
          85.3099818,
          27.6704588
        ]
      },
      "id": "node/2164964251"
    },
    {
      "type": "Feature",
      "properties": {
        "@id": "node/2165424724",
        "amenity": "school",
        "name": "कान्ति इश्वरी विद्यालय",
        "name:en": "Kanti Ishwari School",
        "name:ne": "कान्ति इश्वरी विद्यालय"
      },
      "geometry": {
        "type": "Point",
        "coordinates": [
          85.3131083,
          27.6933442
        ]
      },
      "id": "node/2165424724"
    },
    {
      "type": "Feature",
      "properties": {
        "@id": "node/2174521360",
        "amenity": "kindergarten",
        "name": "Kids Wonderland"
      },
      "geometry": {
        "type": "Point",
        "coordinates": [
          85.3376976,
          27.6945435
        ]
      },
      "id": "node/2174521360"
    },
    {
      "type": "Feature",
      "properties": {
        "@id": "node/2176765801",
        "amenity": "college",
        "name": "काठमाडौं एकेडेमी अफ टुरिजम एण्ड हस्पिटालिटी म्यानेजमेन्ट",
        "name:en": "Kathmandu Academy Of Tourism and Hospitality Management",
        "name:ne": "काठमाडौं एकेडेमी अफ टुरिजम एण्ड हस्पिटालिटी म्यानेजमेन्ट",
        "opening_hours": "Su-Fr 07:00-12:00",
        "operator": "Sudhir Adhikari",
        "phone": "9866877113"
      },
      "geometry": {
        "type": "Point",
        "coordinates": [
          85.2924954,
          27.6934156
        ]
      },
      "id": "node/2176765801"
    },
    {
      "type": "Feature",
      "properties": {
        "@id": "node/2184993849",
        "amenity": "kindergarten",
        "name": "Best Montessori E. School",
        "phone": "01-4430806"
      },
      "geometry": {
        "type": "Point",
        "coordinates": [
          85.3440975,
          27.7226662
        ]
      },
      "id": "node/2184993849"
    },
    {
      "type": "Feature",
      "properties": {
        "@id": "node/2184993862",
        "amenity": "college",
        "name": "U2 International College"
      },
      "geometry": {
        "type": "Point",
        "coordinates": [
          85.344431,
          27.7223934
        ]
      },
      "id": "node/2184993862"
    },
    {
      "type": "Feature",
      "properties": {
        "@id": "node/2185607000",
        "addr:postcode": "44600",
        "addr:street": "Sudidhanagar Marg",
        "amenity": "college",
        "email": "info@cit.edu.np",
        "name": "CITE",
        "name:en": "CITE College",
        "opening_hours": "Su-Fr 06:30-14:30",
        "operator": "Private College Stockholders",
        "phone": "0097714111840",
        "website": "https://www.cit.edu.np/"
      },
      "geometry": {
        "type": "Point",
        "coordinates": [
          85.3456109,
          27.6843781
        ]
      },
      "id": "node/2185607000"
    },
    {
      "type": "Feature",
      "properties": {
        "@id": "node/2185607008",
        "amenity": "school",
        "name": "किड्स गार्डन मन्टेश्वरी स्कूल",
        "name:en": "Kids Garden Montessori School",
        "name:ne": "किड्स गार्डन मन्टेश्वरी स्कूल"
      },
      "geometry": {
        "type": "Point",
        "coordinates": [
          85.3481103,
          27.6819924
        ]
      },
      "id": "node/2185607008"
    },
    {
      "type": "Feature",
      "properties": {
        "@id": "node/2185607011",
        "amenity": "school",
        "name": "नवज्योति विद्यालय एंड कलेज",
        "name:en": "NavaJyoti School and College",
        "name:ne": "नवज्योति विद्यालय एंड कलेज"
      },
      "geometry": {
        "type": "Point",
        "coordinates": [
          85.3482925,
          27.6823907
        ]
      },
      "id": "node/2185607011"
    },
    {
      "type": "Feature",
      "properties": {
        "@id": "node/2187991861",
        "amenity": "kindergarten",
        "check_date": "2025-05-27",
        "name": "Addison Academy",
        "phone": "4720813"
      },
      "geometry": {
        "type": "Point",
        "coordinates": [
          85.3374521,
          27.736776
        ]
      },
      "id": "node/2187991861"
    },
    {
      "type": "Feature",
      "properties": {
        "@id": "node/2187991864",
        "amenity": "college",
        "name": "IEC College of Art & Fashion, Chandol"
      },
      "geometry": {
        "type": "Point",
        "coordinates": [
          85.338357,
          27.7275896
        ]
      },
      "id": "node/2187991864"
    },
    {
      "type": "Feature",
      "properties": {
        "@id": "node/2199145190",
        "amenity": "kindergarten",
        "name": "Ankur PreSchool"
      },
      "geometry": {
        "type": "Point",
        "coordinates": [
          85.3163165,
          27.7361543
        ]
      },
      "id": "node/2199145190"
    },
    {
      "type": "Feature",
      "properties": {
        "@id": "node/2209544399",
        "amenity": "kindergarten",
        "name": "Hilaros Montessori Pre-School"
      },
      "geometry": {
        "type": "Point",
        "coordinates": [
          85.3181269,
          27.6771472
        ]
      },
      "id": "node/2209544399"
    },
    {
      "type": "Feature",
      "properties": {
        "@id": "node/2211121439",
        "addr:street": "Jupiter Tole",
        "amenity": "kindergarten",
        "designation": "School",
        "name": "Moulding Minds Montessory"
      },
      "geometry": {
        "type": "Point",
        "coordinates": [
          85.3189231,
          27.655785
        ]
      },
      "id": "node/2211121439"
    },
    {
      "type": "Feature",
      "properties": {
        "@id": "node/2218324869",
        "amenity": "kindergarten",
        "name": "Swapna Batika Montessori School"
      },
      "geometry": {
        "type": "Point",
        "coordinates": [
          85.3461211,
          27.6960927
        ]
      },
      "id": "node/2218324869"
    },
    {
      "type": "Feature",
      "properties": {
        "@id": "node/2218658277",
        "amenity": "kindergarten",
        "name": "फ्लोरेन्स",
        "name:en": "Florence",
        "name:ne": "फ्लोरेन्स"
      },
      "geometry": {
        "type": "Point",
        "coordinates": [
          85.2873326,
          27.7066357
        ]
      },
      "id": "node/2218658277"
    },
    {
      "type": "Feature",
      "properties": {
        "@id": "node/2236904565",
        "amenity": "dancing_school",
        "name": "ABC Multifilms and Dance School"
      },
      "geometry": {
        "type": "Point",
        "coordinates": [
          85.344491,
          27.6954297
        ]
      },
      "id": "node/2236904565"
    },
    {
      "type": "Feature",
      "properties": {
        "@id": "node/2236944127",
        "amenity": "kindergarten",
        "name": "Steiner Montesswori",
        "phone": "01 4483080"
      },
      "geometry": {
        "type": "Point",
        "coordinates": [
          85.3384741,
          27.6938952
        ]
      },
      "id": "node/2236944127"
    },
    {
      "type": "Feature",
      "properties": {
        "@id": "node/2236944132",
        "amenity": "school",
        "name": "स्टिनर एकेडेमी",
        "name:en": "Stiener Academy",
        "name:ne": "स्टिनर एकेडेमी"
      },
      "geometry": {
        "type": "Point",
        "coordinates": [
          85.3387237,
          27.6938686
        ]
      },
      "id": "node/2236944132"
    },
    {
      "type": "Feature",
      "properties": {
        "@id": "node/2249051082",
        "amenity": "school",
        "designation": "Girls School",
        "name": "Padmakanya Vidyashram H.S. School and College"
      },
      "geometry": {
        "type": "Point",
        "coordinates": [
          85.3259582,
          27.705349
        ]
      },
      "id": "node/2249051082"
    },
    {
      "type": "Feature",
      "properties": {
        "@id": "node/2286675864",
        "addr:housename": "Alta Vista Building",
        "addr:housenumber": "1306",
        "addr:postcode": "GPO 8975 EPC 5067",
        "addr:street": "Putalisadak Chowk",
        "amenity": "language_school",
        "designation": "Language School",
        "int_name": "Alta Vista Nepal",
        "name": "Alta-Vista, A school of Spanish Language"
      },
      "geometry": {
        "type": "Point",
        "coordinates": [
          85.3229725,
          27.7057461
        ]
      },
      "id": "node/2286675864"
    },
    {
      "type": "Feature",
      "properties": {
        "@id": "node/2293445120",
        "amenity": "college",
        "building_count": "1",
        "isced:level": "college",
        "name": "Samaj School of Dentistry",
        "operator:type": "private",
        "personnel:count": "35",
        "source": "OpenDRI survey",
        "student:count": "100"
      },
      "geometry": {
        "type": "Point",
        "coordinates": [
          85.3576673,
          27.7257973
        ]
      },
      "id": "node/2293445120"
    },
    {
      "type": "Feature",
      "properties": {
        "@id": "node/2300443767",
        "amenity": "school",
        "name": "मनाङ सीपीएस",
        "name:en": "Manang CPS",
        "name:ne": "मनाङ सीपीएस"
      },
      "geometry": {
        "type": "Point",
        "coordinates": [
          85.3604248,
          27.6894641
        ]
      },
      "id": "node/2300443767"
    },
    {
      "type": "Feature",
      "properties": {
        "@id": "node/2314312104",
        "amenity": "school",
        "name": "अन्‍नपूर्ण माध्यामिक विद्यालय",
        "name:en": "Annapurna Secondary School",
        "name:ne": "अन्‍नपूर्ण माध्यामिक विद्यालय",
        "operator:type": "government"
      },
      "geometry": {
        "type": "Point",
        "coordinates": [
          85.3037355,
          27.6743548
        ]
      },
      "id": "node/2314312104"
    },
    {
      "type": "Feature",
      "properties": {
        "@id": "node/2316603873",
        "amenity": "college",
        "building_count": "2",
        "isced:level": "college",
        "name": "Cambridge College",
        "operator:type": "private",
        "personnel:count": "22",
        "source": "OpenDRI survey",
        "student:count": "100"
      },
      "geometry": {
        "type": "Point",
        "coordinates": [
          85.2983923,
          27.6871127
        ]
      },
      "id": "node/2316603873"
    },
    {
      "type": "Feature",
      "properties": {
        "@id": "node/2320299473",
        "amenity": "college",
        "building_count": "1",
        "isced:level": "college",
        "name": "intensive international college",
        "operator:type": "private",
        "personnel:count": "30",
        "source": "OpenDRI survey",
        "student:count": "500"
      },
      "geometry": {
        "type": "Point",
        "coordinates": [
          85.2953077,
          27.6967359
        ]
      },
      "id": "node/2320299473"
    },
    {
      "type": "Feature",
      "properties": {
        "@id": "node/2321560436",
        "amenity": "school",
        "name": "बाबु बिद्या मन्दिर उच्च माध्यमिक विद्यालय",
        "name:en": "Babu Bidhya Mandir Uccha Madhyamik Vidhyalaya",
        "name:ne": "बाबु बिद्या मन्दिर उच्च माध्यमिक विद्यालय"
      },
      "geometry": {
        "type": "Point",
        "coordinates": [
          85.3177465,
          27.6831568
        ]
      },
      "id": "node/2321560436"
    },
    {
      "type": "Feature",
      "properties": {
        "@id": "node/2348989708",
        "amenity": "college",
        "name": "Gramin Adarsha",
        "toilets:wheelchair": "no",
        "wheelchair": "yes"
      },
      "geometry": {
        "type": "Point",
        "coordinates": [
          85.3031686,
          27.7421178
        ]
      },
      "id": "node/2348989708"
    },
    {
      "type": "Feature",
      "properties": {
        "@id": "node/2353771417",
        "amenity": "college",
        "building_count": "6",
        "isced:level": "college",
        "name": "एआईएमएस अन्तर्राष्ट्रिय कलेज",
        "name:en": "AIMS International College",
        "name:ne": "एआईएमएस अन्तर्राष्ट्रिय कलेज",
        "operator:type": "private",
        "personnel:count": "30",
        "source": "OpenDRI survey",
        "student:count": "200"
      },
      "geometry": {
        "type": "Point",
        "coordinates": [
          85.3226379,
          27.6682044
        ]
      },
      "id": "node/2353771417"
    },
    {
      "type": "Feature",
      "properties": {
        "@id": "node/2354567332",
        "amenity": "kindergarten",
        "name": "Subha Play Group and Pre School"
      },
      "geometry": {
        "type": "Point",
        "coordinates": [
          85.2962038,
          27.7238183
        ]
      },
      "id": "node/2354567332"
    },
    {
      "type": "Feature",
      "properties": {
        "@id": "node/2380966268",
        "amenity": "college",
        "building_count": "3",
        "isced:level": "college",
        "name": "Janamaitre Foundation Institute of Health Science",
        "operator:type": "private",
        "personnel:count": "11",
        "source": "OpenDRI survey",
        "student:count": "30"
      },
      "geometry": {
        "type": "Point",
        "coordinates": [
          85.3031224,
          27.728144
        ]
      },
      "id": "node/2380966268"
    },
    {
      "type": "Feature",
      "properties": {
        "@id": "node/2381971836",
        "addr:street": "Kalanki Chowk",
        "amenity": "college",
        "building_count": "4",
        "isced:level": "college",
        "name": "Cambridge College",
        "name:en": "Cambridge International H.S.School/College",
        "opening_hours": "Su-Fr 06:00-16:00",
        "operator:type": "private",
        "personnel:count": "50",
        "source": "OpenDRI survey",
        "student:count": "600"
      },
      "geometry": {
        "type": "Point",
        "coordinates": [
          85.2804068,
          27.6936118
        ]
      },
      "id": "node/2381971836"
    },
    {
      "type": "Feature",
      "properties": {
        "@id": "node/2434908201",
        "addr:housenumber": "3",
        "addr:street": "Pratik Galli",
        "amenity": "kindergarten",
        "name": "Research International Montessori"
      },
      "geometry": {
        "type": "Point",
        "coordinates": [
          85.3584205,
          27.7182551
        ]
      },
      "id": "node/2434908201"
    },
    {
      "type": "Feature",
      "properties": {
        "@id": "node/2591253673",
        "amenity": "school",
        "name": "बेला प्रि स्कुल",
        "name:en": "Bella Pre School",
        "name:ne": "बेला प्रि-स्कूल"
      },
      "geometry": {
        "type": "Point",
        "coordinates": [
          85.2953507,
          27.7055958
        ]
      },
      "id": "node/2591253673"
    },
    {
      "type": "Feature",
      "properties": {
        "@id": "node/2629593466",
        "addr:street": "Lagankhel",
        "amenity": "school",
        "name": "न्यु मोडेल शिक्षा संस्थान",
        "name:en": "New Model Education",
        "name:ne": "न्यु मोडेल शिक्षा संस्थान",
        "opening_hours": "08:00-20:00",
        "phone": "016924851",
        "student:count": "35"
      },
      "geometry": {
        "type": "Point",
        "coordinates": [
          85.3217194,
          27.6689492
        ]
      },
      "id": "node/2629593466"
    },
    {
      "type": "Feature",
      "properties": {
        "@id": "node/2684771565",
        "amenity": "college",
        "name": "National Multiple college"
      },
      "geometry": {
        "type": "Point",
        "coordinates": [
          85.3129937,
          27.6692518
        ]
      },
      "id": "node/2684771565"
    },
    {
      "type": "Feature",
      "properties": {
        "@id": "node/2684818081",
        "amenity": "kindergarten",
        "name": "Genesis"
      },
      "geometry": {
        "type": "Point",
        "coordinates": [
          85.3147412,
          27.6665943
        ]
      },
      "id": "node/2684818081"
    },
    {
      "type": "Feature",
      "properties": {
        "@id": "node/2684818083",
        "amenity": "college",
        "name": "National Multiple Campus"
      },
      "geometry": {
        "type": "Point",
        "coordinates": [
          85.3131664,
          27.6685047
        ]
      },
      "id": "node/2684818083"
    },
    {
      "type": "Feature",
      "properties": {
        "@id": "node/2684818085",
        "amenity": "school",
        "name": "SVM"
      },
      "geometry": {
        "type": "Point",
        "coordinates": [
          85.3156034,
          27.6664072
        ]
      },
      "id": "node/2684818085"
    },
    {
      "type": "Feature",
      "properties": {
        "@id": "node/2684819442",
        "amenity": "college"
      },
      "geometry": {
        "type": "Point",
        "coordinates": [
          85.3153051,
          27.6714874
        ]
      },
      "id": "node/2684819442"
    },
    {
      "type": "Feature",
      "properties": {
        "@id": "node/2844038654",
        "amenity": "kindergarten",
        "contact:phone": "4410473",
        "name": "Busy Bees Kindergarten"
      },
      "geometry": {
        "type": "Point",
        "coordinates": [
          85.3316655,
          27.7207029
        ]
      },
      "id": "node/2844038654"
    },
    {
      "type": "Feature",
      "properties": {
        "@id": "node/2998121174",
        "amenity": "school",
        "name": "KISC"
      },
      "geometry": {
        "type": "Point",
        "coordinates": [
          85.3097792,
          27.6760659
        ]
      },
      "id": "node/2998121174"
    },
    {
      "type": "Feature",
      "properties": {
        "@id": "node/3074577227",
        "amenity": "school",
        "name": "नेपाली महारिसी फाउन्डेसन फर भैदिक कल्चर",
        "name:en": "Nepali Maharisi Foundation for Bhaidhik Culture",
        "name:ne": "नेपाली महारिसी फाउन्डेसन फर भैदिक कल्चर"
      },
      "geometry": {
        "type": "Point",
        "coordinates": [
          85.3398568,
          27.7112838
        ]
      },
      "id": "node/3074577227"
    },
    {
      "type": "Feature",
      "properties": {
        "@id": "node/3074577231",
        "amenity": "school",
        "name": "सेतो बंगला आवासीय विद्यालय",
        "name:en": "Seto Bangla Boarding School",
        "name:ne": "सेतो बंगला आवासीय विद्यालय"
      },
      "geometry": {
        "type": "Point",
        "coordinates": [
          85.3379743,
          27.7117352
        ]
      },
      "id": "node/3074577231"
    },
    {
      "type": "Feature",
      "properties": {
        "@id": "node/3074577232",
        "amenity": "school",
        "name": "श्री बाल बयाबासाई केन्द्र माध्यमिक विद्यालय",
        "name:en": "Shree Bal Byabasayi Kendra Secondary School",
        "name:ne": "श्री बाल बयाबासाई केन्द्र माध्यमिक विद्यालय"
      },
      "geometry": {
        "type": "Point",
        "coordinates": [
          85.3406025,
          27.7109927
        ]
      },
      "id": "node/3074577232"
    },
    {
      "type": "Feature",
      "properties": {
        "@id": "node/3074581506",
        "amenity": "college",
        "name": "Kailashkot Multiple Campus"
      },
      "geometry": {
        "type": "Point",
        "coordinates": [
          85.3438498,
          27.7107406
        ]
      },
      "id": "node/3074581506"
    },
    {
      "type": "Feature",
      "properties": {
        "@id": "node/3074593657",
        "amenity": "school",
        "building": "school",
        "name": "लिसेम मोडेल विद्यालय",
        "name:en": "Lyceum Model School",
        "name:ne": "लिसेम मोडेल विद्यालय"
      },
      "geometry": {
        "type": "Point",
        "coordinates": [
          85.3405445,
          27.714924
        ]
      },
      "id": "node/3074593657"
    },
    {
      "type": "Feature",
      "properties": {
        "@id": "node/3081631946",
        "amenity": "college",
        "name": "HVM College"
      },
      "geometry": {
        "type": "Point",
        "coordinates": [
          85.3387152,
          27.7096746
        ]
      },
      "id": "node/3081631946"
    },
    {
      "type": "Feature",
      "properties": {
        "@id": "node/3094080454",
        "amenity": "college",
        "name": "Cosmos College of Management and Technology"
      },
      "geometry": {
        "type": "Point",
        "coordinates": [
          85.3208583,
          27.6555175
        ]
      },
      "id": "node/3094080454"
    },
    {
      "type": "Feature",
      "properties": {
        "@id": "node/3122035876",
        "amenity": "university",
        "name": "Rangjung Yeshe Institute",
        "note": "Also known locally as the “White Gompa.”",
        "operator": "Ka-Nying Shedrub Ling Monastery",
        "website": "https://www.ryi.org/"
      },
      "geometry": {
        "type": "Point",
        "coordinates": [
          85.3630395,
          27.724279
        ]
      },
      "id": "node/3122035876"
    },
    {
      "type": "Feature",
      "properties": {
        "@id": "node/3189982097",
        "amenity": "school",
        "name": "मानसरोवास एकेडेमी",
        "name:en": "Manasarovas academy",
        "name:ne": "मानसरोवास एकेडेमी"
      },
      "geometry": {
        "type": "Point",
        "coordinates": [
          85.3643667,
          27.7269249
        ]
      },
      "id": "node/3189982097"
    },
    {
      "type": "Feature",
      "properties": {
        "@id": "node/3347570025",
        "amenity": "school",
        "name": "Bhaisnavi"
      },
      "geometry": {
        "type": "Point",
        "coordinates": [
          85.2850174,
          27.6711544
        ]
      },
      "id": "node/3347570025"
    },
    {
      "type": "Feature",
      "properties": {
        "@id": "node/3413954371",
        "amenity": "school",
        "name": "संस्कृती अन्तर्राष्ट्रिय विद्यालय",
        "name:en": "Sanskriti International School",
        "name:ne": "संस्कृती अन्तर्राष्ट्रिय विद्यालय"
      },
      "geometry": {
        "type": "Point",
        "coordinates": [
          85.2862689,
          27.7187532
        ]
      },
      "id": "node/3413954371"
    },
    {
      "type": "Feature",
      "properties": {
        "@id": "node/3506396287",
        "amenity": "school",
        "name": "रसायन विज्ञान विभाग",
        "name:en": "Department of Chemistry",
        "name:ne": "रसायन विज्ञान विभाग",
        "phone": "9860140513"
      },
      "geometry": {
        "type": "Point",
        "coordinates": [
          85.3162192,
          27.7088736
        ]
      },
      "id": "node/3506396287"
    },
    {
      "type": "Feature",
      "properties": {
        "@id": "node/3506399401",
        "amenity": "school",
        "name": "जीवविज्ञान विभाग",
        "name:en": "Department of Biology",
        "name:ne": "जीवविज्ञान विभाग",
        "phone": "9860140513"
      },
      "geometry": {
        "type": "Point",
        "coordinates": [
          85.3158005,
          27.7086504
        ]
      },
      "id": "node/3506399401"
    },
    {
      "type": "Feature",
      "properties": {
        "@id": "node/3506400900",
        "amenity": "school",
        "name": "भौतिकशास्त्र विभाग",
        "name:en": "Department of Physics",
        "name:ne": "भौतिकशास्त्र विभाग",
        "phone": "9860140513"
      },
      "geometry": {
        "type": "Point",
        "coordinates": [
          85.3162155,
          27.7086655
        ]
      },
      "id": "node/3506400900"
    },
    {
      "type": "Feature",
      "properties": {
        "@id": "node/3509030384",
        "amenity": "music_school",
        "name": "डो रे मी",
        "name:en": "Do Re Mi",
        "name:ne": "डो रे मी"
      },
      "geometry": {
        "type": "Point",
        "coordinates": [
          85.316244,
          27.7092746
        ]
      },
      "id": "node/3509030384"
    },
    {
      "type": "Feature",
      "properties": {
        "@id": "node/3640850574",
        "amenity": "school"
      },
      "geometry": {
        "type": "Point",
        "coordinates": [
          85.2877803,
          27.7118201
        ]
      },
      "id": "node/3640850574"
    },
    {
      "type": "Feature",
      "properties": {
        "@id": "node/3640853051",
        "amenity": "school",
        "name": "अनाथ विद्यालय",
        "name:en": "Orphan School",
        "name:ne": "अनाथ विद्यालय"
      },
      "geometry": {
        "type": "Point",
        "coordinates": [
          85.2881646,
          27.7121382
        ]
      },
      "id": "node/3640853051"
    },
    {
      "type": "Feature",
      "properties": {
        "@id": "node/3722612709",
        "amenity": "driving_school",
        "name": "Bagh Bhairav Driving Center"
      },
      "geometry": {
        "type": "Point",
        "coordinates": [
          85.2785584,
          27.6831944
        ]
      },
      "id": "node/3722612709"
    },
    {
      "type": "Feature",
      "properties": {
        "@id": "node/3763370416",
        "addr:city": "Patan",
        "addr:street": "Ekantakuna Road",
        "amenity": "kindergarten",
        "name": "Ekta After School Care House"
      },
      "geometry": {
        "type": "Point",
        "coordinates": [
          85.3091031,
          27.6702376
        ]
      },
      "id": "node/3763370416"
    },
    {
      "type": "Feature",
      "properties": {
        "@id": "node/3766695313",
        "amenity": "school",
        "name": "नेचर विद्यालय",
        "name:en": "Nature school",
        "name:ne": "नेचर विद्यालय"
      },
      "geometry": {
        "type": "Point",
        "coordinates": [
          85.3174599,
          27.7361338
        ]
      },
      "id": "node/3766695313"
    },
    {
      "type": "Feature",
      "properties": {
        "@id": "node/3766701680",
        "alt_name": "Presidential Business School",
        "amenity": "college",
        "internet_access": "wlan",
        "name": "Presidential College",
        "shop": "books",
        "toilets:wheelchair": "no",
        "wheelchair": "no"
      },
      "geometry": {
        "type": "Point",
        "coordinates": [
          85.3306919,
          27.6919101
        ]
      },
      "id": "node/3766701680"
    },
    {
      "type": "Feature",
      "properties": {
        "@id": "node/3766701683",
        "amenity": "college",
        "name": "प्रिमियर कलेज",
        "name:en": "Premier College",
        "name:ne": "प्रिमियर कलेज"
      },
      "geometry": {
        "type": "Point",
        "coordinates": [
          85.3308944,
          27.6918547
        ]
      },
      "id": "node/3766701683"
    },
    {
      "type": "Feature",
      "properties": {
        "@id": "node/3774437963",
        "amenity": "school",
        "name": "Apex Life School",
        "name:en": "एपेक्स लाइफ विद्यालय",
        "name:ne": "एपेक्स लाइफ विद्यालय"
      },
      "geometry": {
        "type": "Point",
        "coordinates": [
          85.3397059,
          27.7010309
        ]
      },
      "id": "node/3774437963"
    },
    {
      "type": "Feature",
      "properties": {
        "@id": "node/4063662843",
        "amenity": "school",
        "name": "रुपी विद्यालय",
        "name:en": "Rupy's School ",
        "name:ne": "रुपी विद्यालय"
      },
      "geometry": {
        "type": "Point",
        "coordinates": [
          85.2861028,
          27.7040669
        ]
      },
      "id": "node/4063662843"
    },
    {
      "type": "Feature",
      "properties": {
        "@id": "node/4077719698",
        "amenity": "school",
        "name": "JosephPublic school"
      },
      "geometry": {
        "type": "Point",
        "coordinates": [
          85.3578958,
          27.7273407
        ]
      },
      "id": "node/4077719698"
    },
    {
      "type": "Feature",
      "properties": {
        "@id": "node/4109455596",
        "addr:street": "Birendra Marga",
        "amenity": "kindergarten",
        "name": "Bhrigu Batika Montessori",
        "opening_hours": "Su-Fr 09:00-17:00",
        "phone": "014422808"
      },
      "geometry": {
        "type": "Point",
        "coordinates": [
          85.3308661,
          27.7035671
        ]
      },
      "id": "node/4109455596"
    },
    {
      "type": "Feature",
      "properties": {
        "@id": "node/4186821790",
        "addr:street": "Summit Hotel",
        "amenity": "school",
        "email": "info@teachfornepal.org",
        "name": "टिच फोर नेपाल कार्यालय",
        "name:en": "Teach for Nepal Office",
        "name:ne": "टिच फोर नेपाल कार्यालय",
        "opening_hours": "Mo-Fr 09:00-05:00",
        "phone": "01-501214",
        "website": "teachfornepal.org"
      },
      "geometry": {
        "type": "Point",
        "coordinates": [
          85.3123188,
          27.6862001
        ]
      },
      "id": "node/4186821790"
    },
    {
      "type": "Feature",
      "properties": {
        "@id": "node/4192737489",
        "amenity": "school",
        "name": "व्यवस्थापन संघ नेपाल अनाम नगर",
        "name:en": "Management association of nepal aname nagar",
        "name:ne": "व्यवस्थापन संघ नेपाल अनाम नगर",
        "opening_hours": "24/7"
      },
      "geometry": {
        "type": "Point",
        "coordinates": [
          85.3283484,
          27.6964754
        ]
      },
      "id": "node/4192737489"
    },
    {
      "type": "Feature",
      "properties": {
        "@id": "node/4200025289",
        "addr:street": "Thapathali",
        "amenity": "school",
        "name": "द ब्रिटिश कलेज",
        "name:en": "The British College",
        "name:ne": "द ब्रिटिश कलेज"
      },
      "geometry": {
        "type": "Point",
        "coordinates": [
          85.3195495,
          27.692103
        ]
      },
      "id": "node/4200025289"
    },
    {
      "type": "Feature",
      "properties": {
        "@id": "node/4213242789",
        "addr:street": "The Gyawali St.",
        "amenity": "school",
        "name": "चा: माटी ड्राइभिङ स्कुल",
        "name:en": "Cha:Mati Driving School",
        "name:ne": "चा: माटी ड्राइभिङ स्कुल",
        "opening_hours": "Mo-Su 06:00-19:00"
      },
      "geometry": {
        "type": "Point",
        "coordinates": [
          85.299763,
          27.7229716
        ]
      },
      "id": "node/4213242789"
    },
    {
      "type": "Feature",
      "properties": {
        "@id": "node/4221465190",
        "addr:street": "Bijay Chwok",
        "amenity": "school",
        "name": "अर्किड इन्टरनेशनल कलेज",
        "name:en": "Orchid International College",
        "name:ne": "अर्किड इन्टरनेशनल कलेज",
        "opening_hours": "Su-Fr 06:00-18:00",
        "phone": "014479744",
        "website": "https://oic.edu.np/"
      },
      "geometry": {
        "type": "Point",
        "coordinates": [
          85.3466019,
          27.7023277
        ]
      },
      "id": "node/4221465190"
    },
    {
      "type": "Feature",
      "properties": {
        "@id": "node/4226439594",
        "amenity": "college",
        "name": "MOLIHSS College"
      },
      "geometry": {
        "type": "Point",
        "coordinates": [
          85.3218837,
          27.6704412
        ]
      },
      "id": "node/4226439594"
    },
    {
      "type": "Feature",
      "properties": {
        "@id": "node/4234105891",
        "amenity": "school",
        "email": "info@bgmsm.edu.np",
        "name": "बिजेश्वरी ज्ञान मन्दिर सैनिक महाविद्यालय",
        "name:en": "Bijeshwari Gyan Mandir Sainik Mahavidyalaya",
        "name:ne": "बिजेश्वरी ज्ञान मन्दिर सैनिक महाविद्यालय",
        "opening_hours": "Su-Fr 09:00-17:00",
        "phone": "014271498",
        "website": "https://www.bgmsm.edu.np/"
      },
      "geometry": {
        "type": "Point",
        "coordinates": [
          85.2975626,
          27.7121657
        ]
      },
      "id": "node/4234105891"
    },
    {
      "type": "Feature",
      "properties": {
        "@id": "node/4264068285",
        "addr:city": "Kathmandu",
        "amenity": "school",
        "name": "स्वीट हार्ट मोन्टेस्सोरी र डे केयर",
        "name:en": "Sweet Heart Montessori & Day Care",
        "name:ne": "स्वीट हार्ट मोन्टेस्सोरी र डे केयर",
        "phone": "015102076"
      },
      "geometry": {
        "type": "Point",
        "coordinates": [
          85.2965478,
          27.7355047
        ]
      },
      "id": "node/4264068285"
    },
    {
      "type": "Feature",
      "properties": {
        "@id": "node/4264083874",
        "amenity": "kindergarten",
        "name": "Ankur Kindergarden"
      },
      "geometry": {
        "type": "Point",
        "coordinates": [
          85.3310054,
          27.6978021
        ]
      },
      "id": "node/4264083874"
    },
    {
      "type": "Feature",
      "properties": {
        "@id": "node/4264083879",
        "amenity": "school",
        "name": "ओक्सिडेन्टल विद्यालय मैदान",
        "name:en": "Occidental School ground",
        "name:ne": "ओक्सिडेन्टल विद्यालय मैदान"
      },
      "geometry": {
        "type": "Point",
        "coordinates": [
          85.3309295,
          27.6966693
        ]
      },
      "id": "node/4264083879"
    },
    {
      "type": "Feature",
      "properties": {
        "@id": "node/4284550992",
        "addr:postcode": "44618",
        "addr:street": "Sahid Basu Smriti Marga",
        "amenity": "school",
        "name": "Land Mark Secondary School",
        "name:en": "Landmark Academy",
        "opening_hours": "Su-Fr 09:00-16:00"
      },
      "geometry": {
        "type": "Point",
        "coordinates": [
          85.2774556,
          27.6870757
        ]
      },
      "id": "node/4284550992"
    },
    {
      "type": "Feature",
      "properties": {
        "@id": "node/4286241989",
        "amenity": "school",
        "name": "नेपाल एकेडेमी अफ टुरिजम एण्ड होटल म्यानेजमेन्ट (नाथम)",
        "name:en": "Nepal Academy of Tourism and Hotel Management (NATHM)",
        "name:ne": "नेपाल एकेडेमी अफ टुरिजम एण्ड होटल म्यानेजमेन्ट"
      },
      "geometry": {
        "type": "Point",
        "coordinates": [
          85.2949151,
          27.6938831
        ]
      },
      "id": "node/4286241989"
    },
    {
      "type": "Feature",
      "properties": {
        "@id": "node/4292085693",
        "amenity": "school",
        "name": "MIRD, TU"
      },
      "geometry": {
        "type": "Point",
        "coordinates": [
          85.3279023,
          27.6867144
        ]
      },
      "id": "node/4292085693"
    },
    {
      "type": "Feature",
      "properties": {
        "@id": "node/4293342728",
        "amenity": "school",
        "name": "क्यान्भास बसन्त रितु अंग्रेजी बोर्डिङ स्कुल",
        "name:en": "Canvas Basanta Ritu English Boarding School",
        "name:ne": "क्यान्भास बसन्त रितु अंग्रेजी बोर्डिङ स्कुल"
      },
      "geometry": {
        "type": "Point",
        "coordinates": [
          85.3167392,
          27.7266599
        ]
      },
      "id": "node/4293342728"
    },
    {
      "type": "Feature",
      "properties": {
        "@id": "node/4294920689",
        "amenity": "college",
        "name": "Nirvana College"
      },
      "geometry": {
        "type": "Point",
        "coordinates": [
          85.3245594,
          27.6669947
        ]
      },
      "id": "node/4294920689"
    },
    {
      "type": "Feature",
      "properties": {
        "@id": "node/4315875293",
        "amenity": "school",
        "name": "नि-ला मोन्टेसरी प्रि-स्कूल तथा डे केयर",
        "name:en": "Ni-laa montessori pre school and day care",
        "name:ne": "नि-ला मोन्टेसरी प्रि-स्कूल तथा डे केयर",
        "opening_hours": "Su-Fr 09:15-22:00",
        "phone": "9860140513",
        "website": "https://www.maya-animation.com/"
      },
      "geometry": {
        "type": "Point",
        "coordinates": [
          85.327214,
          27.6810044
        ]
      },
      "id": "node/4315875293"
    },
    {
      "type": "Feature",
      "properties": {
        "@id": "node/4331159491",
        "addr:street": "Shubarna Shamsher Road",
        "amenity": "school",
        "name": "माल्पी विज्ञान प्रयोगशाला",
        "name:en": "Malpi Science Lab",
        "name:ne": "माल्पी विज्ञान प्रयोगशाला"
      },
      "geometry": {
        "type": "Point",
        "coordinates": [
          85.3288123,
          27.7236019
        ]
      },
      "id": "node/4331159491"
    },
    {
      "type": "Feature",
      "properties": {
        "@id": "node/4333786297",
        "addr:housenumber": "110",
        "addr:street": "Thirbam Sadak",
        "amenity": "school",
        "name": "एस.ई.आर.सी. विद्यालय",
        "name:en": "SERC School",
        "name:ne": "एस.ई.आर.सी. विद्यालय",
        "opening_hours": "Su-Fr 10:00-15:00"
      },
      "geometry": {
        "type": "Point",
        "coordinates": [
          85.3299801,
          27.7308154
        ]
      },
      "id": "node/4333786297"
    },
    {
      "type": "Feature",
      "properties": {
        "@id": "node/4336254689",
        "amenity": "college",
        "name": "क्याम्पियन कलेज कुपन्डोल",
        "name:en": "Campion College Kupondole",
        "name:ne": "क्याम्पियन कलेज कुपन्डोल",
        "opening_hours": "Su-Fr 10:00-22:00"
      },
      "geometry": {
        "type": "Point",
        "coordinates": [
          85.3127221,
          27.685245
        ]
      },
      "id": "node/4336254689"
    },
    {
      "type": "Feature",
      "properties": {
        "@id": "node/4355786996",
        "addr:street": "Lam Pokhari Marg",
        "amenity": "school",
        "name": "IDA",
        "opening_hours": "Su-Fr 10:00-17:00"
      },
      "geometry": {
        "type": "Point",
        "coordinates": [
          85.3431051,
          27.7150729
        ]
      },
      "id": "node/4355786996"
    },
    {
      "type": "Feature",
      "properties": {
        "@id": "node/4371576817",
        "amenity": "school",
        "name": "वेस्टवुड इन्टरनेशनल स्कूल",
        "name:en": "Westwood International School",
        "name:ne": "वेस्टवुड इन्टरनेशनल स्कूल"
      },
      "geometry": {
        "type": "Point",
        "coordinates": [
          85.2936272,
          27.7020967
        ]
      },
      "id": "node/4371576817"
    },
    {
      "type": "Feature",
      "properties": {
        "@id": "node/4373094402",
        "amenity": "school",
        "name": "तारापुन्ज विद्यालय",
        "name:en": "Tarapunja School",
        "name:ne": "तारापुन्जा स्कुल"
      },
      "geometry": {
        "type": "Point",
        "coordinates": [
          85.3373842,
          27.6625862
        ]
      },
      "id": "node/4373094402"
    },
    {
      "type": "Feature",
      "properties": {
        "@id": "node/4384727875",
        "amenity": "college",
        "name": "Global College"
      },
      "geometry": {
        "type": "Point",
        "coordinates": [
          85.3390309,
          27.7001962
        ]
      },
      "id": "node/4384727875"
    },
    {
      "type": "Feature",
      "properties": {
        "@id": "node/4384727947",
        "amenity": "college",
        "name": "SAIM College"
      },
      "geometry": {
        "type": "Point",
        "coordinates": [
          85.3392005,
          27.7004709
        ]
      },
      "id": "node/4384727947"
    },
    {
      "type": "Feature",
      "properties": {
        "@id": "node/4388706589",
        "amenity": "school",
        "name": "शिन्वा कोरियन भाषा",
        "name:en": "Shinwha Korean Language",
        "name:ne": "शिन्वा कोरियन भाषा",
        "phone": "016923152"
      },
      "geometry": {
        "type": "Point",
        "coordinates": [
          85.3205277,
          27.705451
        ]
      },
      "id": "node/4388706589"
    },
    {
      "type": "Feature",
      "properties": {
        "@id": "node/4394298189",
        "amenity": "kindergarten",
        "name": "युरो किड्स छाउनी",
        "name:en": "Euro Kids Chhauni",
        "name:ne": "युरो किड्स छाउनी",
        "phone": "4289245",
        "website": "http://eurokidschhauni.com"
      },
      "geometry": {
        "type": "Point",
        "coordinates": [
          85.2864019,
          27.7084271
        ]
      },
      "id": "node/4394298189"
    },
    {
      "type": "Feature",
      "properties": {
        "@id": "node/4394945989",
        "amenity": "music_school",
        "mobile": "9844647702,9803048961",
        "name:en": "Sa Re Ga Ma Music School"
      },
      "geometry": {
        "type": "Point",
        "coordinates": [
          85.3628357,
          27.6748697
        ]
      },
      "id": "node/4394945989"
    },
    {
      "type": "Feature",
      "properties": {
        "@id": "node/4396927089",
        "amenity": "school",
        "name": "आईडीपी अष्ट्रेलिया",
        "name:en": "IDP Australia",
        "name:ne": "आईडीपी अष्ट्रेलिया"
      },
      "geometry": {
        "type": "Point",
        "coordinates": [
          85.3190476,
          27.7182484
        ]
      },
      "id": "node/4396927089"
    },
    {
      "type": "Feature",
      "properties": {
        "@id": "node/4416279332",
        "amenity": "college",
        "fixme": "tag",
        "name": "College of Medicine"
      },
      "geometry": {
        "type": "Point",
        "coordinates": [
          85.288699,
          27.7257376
        ]
      },
      "id": "node/4416279332"
    },
    {
      "type": "Feature",
      "properties": {
        "@id": "node/4426503392",
        "amenity": "school",
        "name": "स्टेइनर एकेडेमी",
        "name:en": "Steiner Academy",
        "name:ne": "स्टेइनर एकेडेमी"
      },
      "geometry": {
        "type": "Point",
        "coordinates": [
          85.3330253,
          27.6983103
        ]
      },
      "id": "node/4426503392"
    },
    {
      "type": "Feature",
      "properties": {
        "@id": "node/4462741790",
        "amenity": "school",
        "name": "नेपाल चार्टर्ड एकाउन्टेन्ट संस्था (आईसीएएन)",
        "name:en": "The Institute of Chartered Accountants of Nepal (ICAN)",
        "name:ne": "नेपाल चार्टर्ड एकाउन्टेन्ट संस्था (आईसीएएन)"
      },
      "geometry": {
        "type": "Point",
        "coordinates": [
          85.3271679,
          27.6619469
        ]
      },
      "id": "node/4462741790"
    },
    {
      "type": "Feature",
      "properties": {
        "@id": "node/4464313688",
        "amenity": "kindergarten",
        "name": "Dreampark Pre School"
      },
      "geometry": {
        "type": "Point",
        "coordinates": [
          85.3385223,
          27.7387811
        ]
      },
      "id": "node/4464313688"
    },
    {
      "type": "Feature",
      "properties": {
        "@id": "node/4484880889",
        "addr:street": "Pradhikaran Marg",
        "amenity": "school",
        "email": "thetoddlerszone@gmail.com",
        "name:en": "Nawaneet Toddlers' Zone",
        "opening_hours": "Su-Fr 10:00-22:00",
        "phone": "4286300"
      },
      "geometry": {
        "type": "Point",
        "coordinates": [
          85.2956151,
          27.6924624
        ]
      },
      "id": "node/4484880889"
    },
    {
      "type": "Feature",
      "properties": {
        "@id": "node/4485511693",
        "addr:street": "Dillibazaar Road",
        "amenity": "language_school",
        "name": "हिमावारी जापानी भाषा विद्यालय",
        "name:en": "Himawari Japnese Language School",
        "name:ne": "हिमावारी जापानी भाषा विद्यालय",
        "opening_hours": "Su-Fr 09:00-17:00",
        "phone": "+977 9849149902"
      },
      "geometry": {
        "type": "Point",
        "coordinates": [
          85.3279559,
          27.7051788
        ]
      },
      "id": "node/4485511693"
    },
    {
      "type": "Feature",
      "properties": {
        "@id": "node/4485653289",
        "addr:housenumber": "44614",
        "addr:street": "Pradhikaran Marg",
        "amenity": "school",
        "email": "thetoddlerszone@gmail.com",
        "name": "नवानीत बालबालिका क्षेत्र",
        "name:en": "Nawaneet Toddlers' Zone",
        "name:ne": "नवानीत बालबालिका क्षेत्र",
        "phone": "014286300"
      },
      "geometry": {
        "type": "Point",
        "coordinates": [
          85.2956147,
          27.6928769
        ]
      },
      "id": "node/4485653289"
    },
    {
      "type": "Feature",
      "properties": {
        "@id": "node/4485658891",
        "addr:street": "Syuchatar",
        "amenity": "school",
        "name": "स्टानडर्ड उच्च विद्यालय",
        "name:en": "Standard Co-ed High School",
        "name:ne": "स्टानडर्ड उच्च विद्यालय",
        "opening_hours": "Mo-Su 09:00-17:00",
        "phone": "014280809"
      },
      "geometry": {
        "type": "Point",
        "coordinates": [
          85.2779402,
          27.6946945
        ]
      },
      "id": "node/4485658891"
    },
    {
      "type": "Feature",
      "properties": {
        "@id": "node/4491059289",
        "addr:street": "Chabahil Ganesh Marg",
        "amenity": "university",
        "name": "Department of Music, Kathmandu University",
        "name:en": "Kathmandu University, Department of Music",
        "name:es": "Departamento de Música, Universidad de Kathmandu",
        "name:hi": "काठमाडौँ विश्वविद्धालय, संगीत वीभाग",
        "opening_hours": "Su-Fr 09:00-16:30",
        "phone": "+977014479505"
      },
      "geometry": {
        "type": "Point",
        "coordinates": [
          85.3437353,
          27.7168188
        ]
      },
      "id": "node/4491059289"
    },
    {
      "type": "Feature",
      "properties": {
        "@id": "node/4516438589",
        "addr:street": "Dillibazaar Road",
        "amenity": "school",
        "name": "हिमावारी जापानी परामर्श",
        "name:en": "Himawari japanese consultancy",
        "name:ne": "हिमावारी जापानी परामर्श",
        "opening_hours": "Su-Fr 10:00-17:00"
      },
      "geometry": {
        "type": "Point",
        "coordinates": [
          85.3279851,
          27.7051472
        ]
      },
      "id": "node/4516438589"
    },
    {
      "type": "Feature",
      "properties": {
        "@id": "node/4520851990",
        "amenity": "school",
        "name": "प्राइम कलेज",
        "name:en": "Prime College",
        "name:ne": "प्राइम कलेज"
      },
      "geometry": {
        "type": "Point",
        "coordinates": [
          85.3028299,
          27.7170365
        ]
      },
      "id": "node/4520851990"
    },
    {
      "type": "Feature",
      "properties": {
        "@id": "node/4524218348",
        "amenity": "school",
        "email": "info@uniglobecollege.edu.np",
        "name": "युनिग्लोब उच्च माध्यमिक विद्यालय",
        "name:en": "Uniglobe Higher Secondary School",
        "name:ne": "युनिग्लोब उच्च माध्यमिक विद्यालय",
        "phone": "977-1-4220722;4251409;4221875"
      },
      "geometry": {
        "type": "Point",
        "coordinates": [
          85.3190501,
          27.7073629
        ]
      },
      "id": "node/4524218348"
    },
    {
      "type": "Feature",
      "properties": {
        "@id": "node/4525730789",
        "addr:street": "thasikhel",
        "amenity": "music_school",
        "email": "salvationmusiccenter@gmail.com",
        "name:en": "Salvation Music Center",
        "opening_hours": "Mo-Fr 09:00-18:00",
        "phone": "015577746"
      },
      "geometry": {
        "type": "Point",
        "coordinates": [
          85.3158082,
          27.6658023
        ]
      },
      "id": "node/4525730789"
    },
    {
      "type": "Feature",
      "properties": {
        "@id": "node/4526539093",
        "amenity": "school",
        "name": "जनमैत्री बहुमुखी क्याम्पस",
        "name:en": "Janamaitri Multiple Campus",
        "name:ne": "जनमैत्री बहुमुखी क्याम्पस"
      },
      "geometry": {
        "type": "Point",
        "coordinates": [
          85.2922079,
          27.6919803
        ]
      },
      "id": "node/4526539093"
    },
    {
      "type": "Feature",
      "properties": {
        "@id": "node/4552266896",
        "addr:street": "Sangambasti-3",
        "amenity": "school",
        "name": "न्यु वर्लड एकेडेमी",
        "name:en": "New World Academy",
        "name:ne": "नयाँ विश्व एकेडेमी",
        "opening_hours": "Mo-Su 09:00-05:00",
        "operator": "Usha Amatya",
        "phone": "014336714"
      },
      "geometry": {
        "type": "Point",
        "coordinates": [
          85.2813174,
          27.6820263
        ]
      },
      "id": "node/4552266896"
    },
    {
      "type": "Feature",
      "properties": {
        "@id": "node/4558046690",
        "amenity": "college",
        "name:en": "Chakrabarti HaBi Law College",
        "toilets:wheelchair": "no",
        "wheelchair": "yes"
      },
      "geometry": {
        "type": "Point",
        "coordinates": [
          85.3293796,
          27.6912294
        ]
      },
      "id": "node/4558046690"
    },
    {
      "type": "Feature",
      "properties": {
        "@id": "node/4558369395",
        "amenity": "college",
        "name:en": "National College of Engineering"
      },
      "geometry": {
        "type": "Point",
        "coordinates": [
          85.320612,
          27.6556578
        ]
      },
      "id": "node/4558369395"
    },
    {
      "type": "Feature",
      "properties": {
        "@id": "node/4560209792",
        "amenity": "college",
        "name": "हिमालयन कलेज अफ म्यानेजमेन्ट",
        "name:en": "Himalayan College of Management",
        "name:ne": "हिमालयन कलेज अफ म्यानेजमेन्ट"
      },
      "geometry": {
        "type": "Point",
        "coordinates": [
          85.3259698,
          27.71143
        ]
      },
      "id": "node/4560209792"
    },
    {
      "type": "Feature",
      "properties": {
        "@id": "node/4565172098",
        "amenity": "school",
        "name": "व्हाइट फिल्ड स्कूल",
        "name:en": "White field school",
        "name:ne": "व्हाइट फिल्ड स्कूल"
      },
      "geometry": {
        "type": "Point",
        "coordinates": [
          85.306114,
          27.7114065
        ]
      },
      "id": "node/4565172098"
    },
    {
      "type": "Feature",
      "properties": {
        "@id": "node/4584771290",
        "amenity": "school",
        "name": "स्मल हेबन मन्टेश्वरी विद्यालय",
        "name:en": "Small Heaven Montessori School",
        "name:ne": "स्मल हेबन मन्टेश्वरी विद्यालय"
      },
      "geometry": {
        "type": "Point",
        "coordinates": [
          85.3450659,
          27.6879201
        ]
      },
      "id": "node/4584771290"
    },
    {
      "type": "Feature",
      "properties": {
        "@id": "node/4585354089",
        "addr:postcode": "44600",
        "addr:street": "Bhimsen Gola Marga",
        "amenity": "school",
        "email": "info@eliteabroadstudies.com",
        "name": "ईलाईट बैदेशिक स्टडिज",
        "name:en": "Elite Abroad Studies",
        "name:ne": "ईलाईट बैदेशिक स्टडिज",
        "opening_hours": "Su-Fr 10:00-17:00",
        "operator": "Salina Shahi",
        "phone": "+977-1-4489536",
        "website": "http://www.eliteabroadstudies.com"
      },
      "geometry": {
        "type": "Point",
        "coordinates": [
          85.3440681,
          27.7001084
        ]
      },
      "id": "node/4585354089"
    },
    {
      "type": "Feature",
      "properties": {
        "@id": "node/4588419890",
        "amenity": "school",
        "name": "हिमालय क्लब डे साइन्सिया",
        "name:en": "Himalayan club de' Scientia",
        "name:ne": "हिमालय क्लब डे साइन्सिया"
      },
      "geometry": {
        "type": "Point",
        "coordinates": [
          85.3470433,
          27.6843823
        ]
      },
      "id": "node/4588419890"
    },
    {
      "type": "Feature",
      "properties": {
        "@id": "node/4593591893",
        "amenity": "school"
      },
      "geometry": {
        "type": "Point",
        "coordinates": [
          85.320966,
          27.666559
        ]
      },
      "id": "node/4593591893"
    },
    {
      "type": "Feature",
      "properties": {
        "@id": "node/4596295538",
        "addr:street": "Ikhalakhu-Purnachandi Road",
        "amenity": "kindergarten",
        "email": "purnarajshakya@gmail.com",
        "name:en": "Hilaros Montessori Pre-School",
        "opening_hours": "Su-Fr",
        "phone": "5538111"
      },
      "geometry": {
        "type": "Point",
        "coordinates": [
          85.3214013,
          27.6733028
        ]
      },
      "id": "node/4596295538"
    },
    {
      "type": "Feature",
      "properties": {
        "@id": "node/4607247591",
        "amenity": "school",
        "name": "डफोडिल आवासीय स्कुल-जुनियर विंग",
        "name:en": "Daffodil Boarding School - Junior Wing",
        "name:ne": "डफडिल आवासीय विद्यालय-जुनियर विंग",
        "phone": "4114176"
      },
      "geometry": {
        "type": "Point",
        "coordinates": [
          85.3553752,
          27.7265389
        ]
      },
      "id": "node/4607247591"
    },
    {
      "type": "Feature",
      "properties": {
        "@id": "node/4631414801",
        "addr:housenumber": "321",
        "addr:postcode": "44600",
        "addr:street": "Ring Road",
        "amenity": "school",
        "email": "prime321@gmail.com",
        "name": "प्राइम इन्टरनेशनल एजुकेशन प्रा. लि.",
        "name:en": "PRIME INTERNATIONAL EDUCATION PVT. LTD.",
        "name:ne": "प्राइम इन्टरनेशनल एजुकेशन प्रा. लि.",
        "opening_hours": "Su-Fr 07:00-18:00",
        "operator": "Bikas Ghimire and Salam Singh Younjan",
        "phone": "01-4468848",
        "website": "http://info@primeintl.edu.com"
      },
      "geometry": {
        "type": "Point",
        "coordinates": [
          85.346201,
          27.7156468
        ]
      },
      "id": "node/4631414801"
    },
    {
      "type": "Feature",
      "properties": {
        "@id": "node/4632019891",
        "addr:street": "radha krishna marg",
        "amenity": "kindergarten",
        "name:en": "Bal Sansar",
        "opening_hours": "Su-Fr 09:00-15:00"
      },
      "geometry": {
        "type": "Point",
        "coordinates": [
          85.2881858,
          27.7296662
        ]
      },
      "id": "node/4632019891"
    },
    {
      "type": "Feature",
      "properties": {
        "@id": "node/4632281392",
        "amenity": "school",
        "name": "डीआरएस विद्यालय",
        "name:en": "DRS School",
        "name:ne": "डीआरएस विद्यालय"
      },
      "geometry": {
        "type": "Point",
        "coordinates": [
          85.3441951,
          27.6787187
        ]
      },
      "id": "node/4632281392"
    },
    {
      "type": "Feature",
      "properties": {
        "@id": "node/4636693590",
        "addr:postcode": "00977",
        "amenity": "school",
        "name": "सेभेन हिल्स फाउण्डेशन (एजुकेशन कन्सल्टेन्सी)",
        "name:en": "Seven Hills Foundation (Education Consultancy)",
        "name:ne": "सेभेन हिल्स फाउण्डेशन (एजुकेशन कन्सल्टेन्सी)",
        "opening_hours": "Su-Fr 10:00-17:00",
        "operator": "Anil Sah",
        "phone": "012294245",
        "website": "http://www.7hf.edu.np"
      },
      "geometry": {
        "type": "Point",
        "coordinates": [
          85.3217301,
          27.7030497
        ]
      },
      "id": "node/4636693590"
    },
    {
      "type": "Feature",
      "properties": {
        "@id": "node/4651845095",
        "amenity": "driving_school",
        "name:en": "Paramva Driving School"
      },
      "geometry": {
        "type": "Point",
        "coordinates": [
          85.3546445,
          27.7189364
        ]
      },
      "id": "node/4651845095"
    },
    {
      "type": "Feature",
      "properties": {
        "@id": "node/4667891092",
        "addr:postcode": "20137",
        "addr:street": "Ashok Galli",
        "amenity": "language_school",
        "email": "info@namaste.edu.np",
        "name": "नमस्ते नेपाली भाषा संस्थान प्रा.लि.",
        "name:en": "Namaste Nepali Language Institute P. Ltd.",
        "name:ne": "नमस्ते नेपाली भाषा संस्थान प्रा.लि.",
        "opening_hours": "Mo-Su 09:00-18:00",
        "operator": "Nepali Language Teacher",
        "phone": "014253405",
        "website": "http://www.namaste.edu.np"
      },
      "geometry": {
        "type": "Point",
        "coordinates": [
          85.3120755,
          27.7128429
        ]
      },
      "id": "node/4667891092"
    },
    {
      "type": "Feature",
      "properties": {
        "@id": "node/4681234990",
        "amenity": "school",
        "email": "caipvtltd@gmail.com",
        "name:en": "CAI International (for CA classes since 1996)",
        "operator": "saroj shrestha",
        "phone": "014168051"
      },
      "geometry": {
        "type": "Point",
        "coordinates": [
          85.3217645,
          27.7024948
        ]
      },
      "id": "node/4681234990"
    },
    {
      "type": "Feature",
      "properties": {
        "@id": "node/4694902489",
        "addr:street": "satdobato",
        "amenity": "school",
        "email": "platinympreschool@gmail.com",
        "name": "प्लाटियम प्रि-स्कूल",
        "name:en": "Platium Pre School",
        "name:ne": "प्लाटियम प्रि-स्कूल",
        "phone": "015151912"
      },
      "geometry": {
        "type": "Point",
        "coordinates": [
          85.3245385,
          27.6579589
        ]
      },
      "id": "node/4694902489"
    },
    {
      "type": "Feature",
      "properties": {
        "@id": "node/4711040189",
        "addr:street": "T. B. Hospital Marg",
        "amenity": "college",
        "name": "गौरी क्याम्पस",
        "name:en": "Gauri Shankar College",
        "name:ne": "गौरी क्याम्पस",
        "opening_hours": "Mo-Su 09:00-18:00",
        "toilets:wheelchair": "no",
        "wheelchair": "yes"
      },
      "geometry": {
        "type": "Point",
        "coordinates": [
          85.2983636,
          27.6989455
        ]
      },
      "id": "node/4711040189"
    },
    {
      "type": "Feature",
      "properties": {
        "@id": "node/4732355626",
        "amenity": "school",
        "name": "इन्टर्नशिप नेपाल",
        "name:en": "Internship Nepal",
        "name:ne": "इन्टर्नशिप नेपाल",
        "operator": "Nardev",
        "website": "https://www.internshipnepal.com/"
      },
      "geometry": {
        "type": "Point",
        "coordinates": [
          85.3307161,
          27.7312958
        ]
      },
      "id": "node/4732355626"
    },
    {
      "type": "Feature",
      "properties": {
        "@id": "node/4747985921",
        "amenity": "kindergarten",
        "email": "sushil.sth28@gmail.com",
        "name": "Hamro Flower Nursery",
        "name:en": "Hamro Flower Nursery"
      },
      "geometry": {
        "type": "Point",
        "coordinates": [
          85.3137865,
          27.6677145
        ]
      },
      "id": "node/4747985921"
    },
    {
      "type": "Feature",
      "properties": {
        "@id": "node/4768871825",
        "addr:street": "Kanti Path",
        "amenity": "music_school",
        "email": "info@asianhimalayamusicschool.com.np",
        "name:en": "Asian Himalaya Music School",
        "opening_hours": "Su-Fr 09:00-18:00",
        "phone": "+97714238188",
        "website": "http://asianhimalayamusicschool.com.np"
      },
      "geometry": {
        "type": "Point",
        "coordinates": [
          85.3142475,
          27.7086857
        ]
      },
      "id": "node/4768871825"
    },
    {
      "type": "Feature",
      "properties": {
        "@id": "node/4785943923",
        "amenity": "school",
        "name": "महान सिद्धार्थ उच्च माध्यमिक विद्यालय",
        "name:en": "Mahan Siddhartha High School",
        "name:ne": "महान सिद्धार्थ उच्च माध्यमिक विद्यालय",
        "phone": "4114176",
        "website": "https://www.msschool.edu.np/"
      },
      "geometry": {
        "type": "Point",
        "coordinates": [
          85.3567824,
          27.7157017
        ]
      },
      "id": "node/4785943923"
    },
    {
      "type": "Feature",
      "properties": {
        "@id": "node/4787704511",
        "amenity": "school",
        "name": "मनोराम प्रि-स्कूल",
        "name:en": "Manoram Pre-School",
        "name:ne": "मनोराम प्रि-स्कूल"
      },
      "geometry": {
        "type": "Point",
        "coordinates": [
          85.3487335,
          27.7379243
        ]
      },
      "id": "node/4787704511"
    },
    {
      "type": "Feature",
      "properties": {
        "@id": "node/4787719347",
        "amenity": "kindergarten",
        "opening_hours": "Mo-Su 09:00-18:00"
      },
      "geometry": {
        "type": "Point",
        "coordinates": [
          85.350739,
          27.7354578
        ]
      },
      "id": "node/4787719347"
    },
    {
      "type": "Feature",
      "properties": {
        "@id": "node/4787732762",
        "amenity": "school",
        "name:en": "nibs"
      },
      "geometry": {
        "type": "Point",
        "coordinates": [
          85.3481036,
          27.7367985
        ]
      },
      "id": "node/4787732762"
    },
    {
      "type": "Feature",
      "properties": {
        "@id": "node/4787741734",
        "amenity": "school",
        "name": "बेथेल अंग्रेजी र कम्प्युटर संस्थान",
        "name:en": "Bethel English and Computer Institute",
        "name:ne": "बेथेल अंग्रेजी र कम्प्युटर संस्थान",
        "phone": "9813563235"
      },
      "geometry": {
        "type": "Point",
        "coordinates": [
          85.3493471,
          27.7372669
        ]
      },
      "id": "node/4787741734"
    },
    {
      "type": "Feature",
      "properties": {
        "@id": "node/4788108722",
        "amenity": "school",
        "name": "आस्ना शिक्षा संस्थान",
        "name:en": "Aasna institute of education",
        "name:ne": "आस्ना शिक्षा संस्थान",
        "phone": "4720090"
      },
      "geometry": {
        "type": "Point",
        "coordinates": [
          85.3369616,
          27.7389143
        ]
      },
      "id": "node/4788108722"
    },
    {
      "type": "Feature",
      "properties": {
        "@id": "node/4788247122",
        "addr:street": "Mandikhatar",
        "amenity": "school",
        "name": "काष्ठमण्डप ए लेभल एकेडेमी",
        "name:en": "Kaasthamandap A levels Academy",
        "name:ne": "काष्ठमण्डप ए लेभल एकेडेमी"
      },
      "geometry": {
        "type": "Point",
        "coordinates": [
          85.3480829,
          27.7359844
        ]
      },
      "id": "node/4788247122"
    },
    {
      "type": "Feature",
      "properties": {
        "@id": "node/4793424623",
        "amenity": "school",
        "name": "मोक्षदा विद्यालय",
        "name:en": "Mokshada school",
        "name:ne": "मोक्षदा विद्यालय",
        "phone": "4114176"
      },
      "geometry": {
        "type": "Point",
        "coordinates": [
          85.3553954,
          27.7130764
        ]
      },
      "id": "node/4793424623"
    },
    {
      "type": "Feature",
      "properties": {
        "@id": "node/4795372226",
        "amenity": "college",
        "name:en": "Maharajgunj Medical Campus"
      },
      "geometry": {
        "type": "Point",
        "coordinates": [
          85.3303478,
          27.7343844
        ]
      },
      "id": "node/4795372226"
    },
    {
      "type": "Feature",
      "properties": {
        "@id": "node/4797824822",
        "addr:street": "Shree Ganesthaan Marga",
        "amenity": "school",
        "name": "ज्ञान मन्दिर माध्यमिक ब्लाक बी",
        "name:en": "Gyan Mandir Secondary block B",
        "name:ne": "ज्ञान मन्दिर माध्यमिक ब्लाक बी"
      },
      "geometry": {
        "type": "Point",
        "coordinates": [
          85.2978571,
          27.7317346
        ]
      },
      "id": "node/4797824822"
    },
    {
      "type": "Feature",
      "properties": {
        "@id": "node/4809187725",
        "amenity": "school",
        "name": "पद्मोदया उच्च माध्यमिक विद्यालय",
        "name:en": "Padmodaya Higher Secondary School",
        "name:ne": "पद्मोदया उच्च माध्यमिक विद्यालय",
        "toilets:wheelchair": "no",
        "wheelchair": "yes"
      },
      "geometry": {
        "type": "Point",
        "coordinates": [
          85.3218282,
          27.7015277
        ]
      },
      "id": "node/4809187725"
    },
    {
      "type": "Feature",
      "properties": {
        "@id": "node/4811266921",
        "amenity": "college",
        "name": "गोल्डेनगेट कलेज ब्लक २",
        "name:en": "GoldenGate College Block II",
        "name:ne": "गोल्डेनगेट कलेज ब्लक २"
      },
      "geometry": {
        "type": "Point",
        "coordinates": [
          85.3412815,
          27.7038519
        ]
      },
      "id": "node/4811266921"
    },
    {
      "type": "Feature",
      "properties": {
        "@id": "node/4813487123",
        "addr:street": "Tanka Prasad Marga",
        "amenity": "school",
        "email": "info@iacer.edu.np",
        "name:en": "Iacer Institute",
        "phone": "014471915",
        "website": "https://www.iacer.edu.np/"
      },
      "geometry": {
        "type": "Point",
        "coordinates": [
          85.3353715,
          27.7001115
        ]
      },
      "id": "node/4813487123"
    },
    {
      "type": "Feature",
      "properties": {
        "@id": "node/4824360523",
        "amenity": "school",
        "email": "kindercastle@yahoo.com",
        "name": "किंडर कास्टल पूर्व-विद्यालय",
        "name:en": "Kinder Castle Pre-School",
        "name:ne": "किंडर कास्टल पूर्व-विद्यालय",
        "phone": "014414151"
      },
      "geometry": {
        "type": "Point",
        "coordinates": [
          85.3318866,
          27.72401
        ]
      },
      "id": "node/4824360523"
    },
    {
      "type": "Feature",
      "properties": {
        "@id": "node/4833935421",
        "amenity": "school",
        "name": "किडोज",
        "name:en": "kidoz",
        "name:ne": "किडोज"
      },
      "geometry": {
        "type": "Point",
        "coordinates": [
          85.3135542,
          27.6591968
        ]
      },
      "id": "node/4833935421"
    },
    {
      "type": "Feature",
      "properties": {
        "@id": "node/4843234821",
        "addr:street": "Jawalakhel",
        "amenity": "school",
        "name": "कबी केयर प्रि हाउस",
        "name:en": "Cubby Care Pre House",
        "name:ne": "कबी केयर प्रि हाउस"
      },
      "geometry": {
        "type": "Point",
        "coordinates": [
          85.3164131,
          27.6738018
        ]
      },
      "id": "node/4843234821"
    },
    {
      "type": "Feature",
      "properties": {
        "@id": "node/4844865058",
        "amenity": "school",
        "description": "main building"
      },
      "geometry": {
        "type": "Point",
        "coordinates": [
          85.3208527,
          27.7004744
        ]
      },
      "id": "node/4844865058"
    },
    {
      "type": "Feature",
      "properties": {
        "@id": "node/4854790124",
        "amenity": "school",
        "name": "नीलगिरि विद्यालय",
        "name:en": "Neelgiri schoil",
        "name:ne": "नीलगिरि विद्यालय"
      },
      "geometry": {
        "type": "Point",
        "coordinates": [
          85.3085101,
          27.7174321
        ]
      },
      "id": "node/4854790124"
    },
    {
      "type": "Feature",
      "properties": {
        "@id": "node/4864180122",
        "amenity": "school",
        "name:en": "SOMES office"
      },
      "geometry": {
        "type": "Point",
        "coordinates": [
          85.3197976,
          27.6824257
        ]
      },
      "id": "node/4864180122"
    },
    {
      "type": "Feature",
      "properties": {
        "@id": "node/4875293522",
        "amenity": "college",
        "name:en": "Florida International College"
      },
      "geometry": {
        "type": "Point",
        "coordinates": [
          85.3431228,
          27.6876702
        ]
      },
      "id": "node/4875293522"
    },
    {
      "type": "Feature",
      "properties": {
        "@id": "node/4879629522",
        "amenity": "school",
        "name": "एभरेष्ट इन्जिनियरिङ एण्ड म्यानेजमेन्ट कलेज",
        "name:en": "Everest Engineering and Management College",
        "name:ne": "एभरेष्ट इन्जिनियरिङ एण्ड म्यानेजमेन्ट कलेज"
      },
      "geometry": {
        "type": "Point",
        "coordinates": [
          85.327972,
          27.6867088
        ]
      },
      "id": "node/4879629522"
    },
    {
      "type": "Feature",
      "properties": {
        "@id": "node/4890844845",
        "addr:street": "Kanti Path",
        "amenity": "school",
        "name": "मित्र विद्यालय",
        "name:en": "Mitra School",
        "name:ne": "मित्र विद्यालय"
      },
      "geometry": {
        "type": "Point",
        "coordinates": [
          85.3230552,
          27.6798186
        ]
      },
      "id": "node/4890844845"
    },
    {
      "type": "Feature",
      "properties": {
        "@id": "node/4892420023",
        "amenity": "music_school",
        "name:en": "Blood and Thunder Music Academy"
      },
      "geometry": {
        "type": "Point",
        "coordinates": [
          85.3200609,
          27.671653
        ]
      },
      "id": "node/4892420023"
    },
    {
      "type": "Feature",
      "properties": {
        "@id": "node/4899418145",
        "amenity": "school",
        "name": "डि.ए.भी. कलेज",
        "name:en": "DAV College",
        "name:ne": "डि.ए.भी. कलेज"
      },
      "geometry": {
        "type": "Point",
        "coordinates": [
          85.3050974,
          27.6711333
        ]
      },
      "id": "node/4899418145"
    },
    {
      "type": "Feature",
      "properties": {
        "@id": "node/4928055495",
        "amenity": "school",
        "name": "श्रद्दाञ्जली अङ्‍ग्रेजी बोर्डिङ् स्कुल",
        "name:en": "Shradanjalee EBS",
        "name:ne": "श्रद्दाञ्जली अङ्‍ग्रेजी बोर्डिङ् स्कुल"
      },
      "geometry": {
        "type": "Point",
        "coordinates": [
          85.3047967,
          27.6764214
        ]
      },
      "id": "node/4928055495"
    },
    {
      "type": "Feature",
      "properties": {
        "@id": "node/4928424956",
        "addr:city": "kathmandu municipality",
        "addr:place": "gairigaun tinkune-32",
        "addr:street": "sairam marga",
        "amenity": "college",
        "name": "Nasa Iinternational College",
        "opening_hours": "6:00-18:00",
        "operator": "private"
      },
      "geometry": {
        "type": "Point",
        "coordinates": [
          85.3503984,
          27.6878966
        ]
      },
      "id": "node/4928424956"
    },
    {
      "type": "Feature",
      "properties": {
        "@id": "node/4929157924",
        "addr:street": "New Plaza Road",
        "amenity": "school",
        "name": "ग्लोबल स्टडी पार्टनर्स नेपाल",
        "name:en": "Global Study Partners Nepal",
        "name:ne": "ग्लोबल स्टडी पार्टनर्स नेपाल",
        "opening_hours": "Su-Fr 10:00-17:00",
        "phone": "+977 1-2238880",
        "website": "https://globalstudypartners.com/"
      },
      "geometry": {
        "type": "Point",
        "coordinates": [
          85.3237777,
          27.700836
        ]
      },
      "id": "node/4929157924"
    },
    {
      "type": "Feature",
      "properties": {
        "@id": "node/4930122396",
        "amenity": "school",
        "name": "नज़रेथ अंग्रेजी बोर्डिङ् स्कुल",
        "name:en": "Nazareth English Borarding School",
        "name:ne": "नजरेथ अंग्रेजी बोर्डिङ् स्कुल",
        "operator:type": "private"
      },
      "geometry": {
        "type": "Point",
        "coordinates": [
          85.3033551,
          27.6825013
        ]
      },
      "id": "node/4930122396"
    },
    {
      "type": "Feature",
      "properties": {
        "@id": "node/4935574824",
        "amenity": "school",
        "name": "एसीई उच्च माध्यमिक विद्यालय",
        "name:en": "Ace Higher Secondary School",
        "name:ne": "एसीई उच्च माध्यमिक विद्यालय"
      },
      "geometry": {
        "type": "Point",
        "coordinates": [
          85.3499746,
          27.6915213
        ]
      },
      "id": "node/4935574824"
    },
    {
      "type": "Feature",
      "properties": {
        "@id": "node/4939483121",
        "amenity": "school",
        "name": "ल्याण्डमार्क कन्सलटेन्सी",
        "name:en": "Landmark Consultancy",
        "name:ne": "ल्याण्डमार्क कन्सलटेन्सी"
      },
      "geometry": {
        "type": "Point",
        "coordinates": [
          85.3228679,
          27.7031253
        ]
      },
      "id": "node/4939483121"
    },
    {
      "type": "Feature",
      "properties": {
        "@id": "node/4945106021",
        "amenity": "university",
        "name:en": "Central Department of Population Studies, Tribhuvan University",
        "toilets:wheelchair": "no",
        "wheelchair": "yes"
      },
      "geometry": {
        "type": "Point",
        "coordinates": [
          85.2822295,
          27.6817867
        ]
      },
      "id": "node/4945106021"
    },
    {
      "type": "Feature",
      "properties": {
        "@id": "node/4946485921",
        "amenity": "college",
        "name:en": "Everest Engineering and Management College"
      },
      "geometry": {
        "type": "Point",
        "coordinates": [
          85.3279991,
          27.6865176
        ]
      },
      "id": "node/4946485921"
    },
    {
      "type": "Feature",
      "properties": {
        "@id": "node/4956147121",
        "addr:street": "Lakhe Chaur Marga",
        "amenity": "college",
        "name:en": "Chelsea College"
      },
      "geometry": {
        "type": "Point",
        "coordinates": [
          85.3347644,
          27.6948713
        ]
      },
      "id": "node/4956147121"
    },
    {
      "type": "Feature",
      "properties": {
        "@id": "node/4965128121",
        "addr:street": "Prayag Pokhari to Kumaripati road",
        "amenity": "language_school",
        "email": "mhasika.edu.ent@gmail.com",
        "name:en": "Mhasika Education and Entertainment",
        "opening_hours": "Su-Fr",
        "phone": "015532966"
      },
      "geometry": {
        "type": "Point",
        "coordinates": [
          85.3204014,
          27.6707433
        ]
      },
      "id": "node/4965128121"
    },
    {
      "type": "Feature",
      "properties": {
        "@id": "node/5013793822",
        "amenity": "school"
      },
      "geometry": {
        "type": "Point",
        "coordinates": [
          85.3310345,
          27.7104768
        ]
      },
      "id": "node/5013793822"
    },
    {
      "type": "Feature",
      "properties": {
        "@id": "node/5044790021",
        "addr:postcode": "00977",
        "addr:street": "Kirtipur Sadak",
        "amenity": "college",
        "name:en": "Central Department of Rural Development",
        "opening_hours": "Su-Fr 10:00-17:00",
        "operator": "Tribhuwan University",
        "phone": "014333581"
      },
      "geometry": {
        "type": "Point",
        "coordinates": [
          85.28216,
          27.6795497
        ]
      },
      "id": "node/5044790021"
    },
    {
      "type": "Feature",
      "properties": {
        "@id": "node/5059654847",
        "amenity": "school",
        "name": "पञ्च कुमारी प्रा.वि.",
        "name:en": "Pancha Kumari Pra. Vi.",
        "name:ne": "पञ्च कुमारी प्रा.वि."
      },
      "geometry": {
        "type": "Point",
        "coordinates": [
          85.2968109,
          27.673698
        ]
      },
      "id": "node/5059654847"
    },
    {
      "type": "Feature",
      "properties": {
        "@id": "node/5068575022",
        "addr:street": "Adwait Marg",
        "amenity": "school",
        "name": "केईसी इंस्टिट्यूट",
        "name:en": "Sachdeva Institute",
        "name:ne": "सचदेवा संस्थान",
        "opening_hours": "24/7"
      },
      "geometry": {
        "type": "Point",
        "coordinates": [
          85.3219399,
          27.7030649
        ]
      },
      "id": "node/5068575022"
    },
    {
      "type": "Feature",
      "properties": {
        "@id": "node/5075029393",
        "amenity": "school",
        "name": "संस्कार विद्यापीठ",
        "name:en": "Sanskar Vidyapith School",
        "name:ne": "संस्कार विद्यापीठ"
      },
      "geometry": {
        "type": "Point",
        "coordinates": [
          85.295792,
          27.6826868
        ]
      },
      "id": "node/5075029393"
    },
    {
      "type": "Feature",
      "properties": {
        "@id": "node/5088825522",
        "addr:street": "Gahana Pokhari Marga",
        "amenity": "school",
        "name": "रेडवुड एजुकेशन नेटवर्क",
        "name:en": "Redwood Education Network",
        "name:ne": "रेडवुड एजुकेशन नेटवर्क"
      },
      "geometry": {
        "type": "Point",
        "coordinates": [
          85.3335788,
          27.7169892
        ]
      },
      "id": "node/5088825522"
    },
    {
      "type": "Feature",
      "properties": {
        "@id": "node/5101981923",
        "amenity": "school",
        "name:en": "SAB Public School"
      },
      "geometry": {
        "type": "Point",
        "coordinates": [
          85.3303921,
          27.703466
        ]
      },
      "id": "node/5101981923"
    },
    {
      "type": "Feature",
      "properties": {
        "@id": "node/5107049469",
        "amenity": "school",
        "name": "मुनलाईट विद्यालय",
        "name:en": "Moonlight School",
        "name:ne": "मुनलाईट विद्यालय"
      },
      "geometry": {
        "type": "Point",
        "coordinates": [
          85.3591619,
          27.7348284
        ]
      },
      "id": "node/5107049469"
    },
    {
      "type": "Feature",
      "properties": {
        "@id": "node/5112329591",
        "amenity": "kindergarten",
        "name": "Happy Kids Pre School"
      },
      "geometry": {
        "type": "Point",
        "coordinates": [
          85.3326159,
          27.7456738
        ]
      },
      "id": "node/5112329591"
    },
    {
      "type": "Feature",
      "properties": {
        "@id": "node/5159330721",
        "amenity": "school",
        "name": "पाटन क्याम्पस फुटबल मैदान",
        "name:en": "Patan Campus Football Ground",
        "name:ne": "पाटन क्याम्पस फुटबल मैदान"
      },
      "geometry": {
        "type": "Point",
        "coordinates": [
          85.3218536,
          27.6793768
        ]
      },
      "id": "node/5159330721"
    },
    {
      "type": "Feature",
      "properties": {
        "@id": "node/5169208225",
        "amenity": "school",
        "name": "अक्षर एकेडेमी",
        "name:en": "Akshar academy",
        "name:ne": "अक्षर एकेडेमी"
      },
      "geometry": {
        "type": "Point",
        "coordinates": [
          85.333325,
          27.7017892
        ]
      },
      "id": "node/5169208225"
    },
    {
      "type": "Feature",
      "properties": {
        "@id": "node/5200110921",
        "addr:street": "ghatte khulo",
        "amenity": "school",
        "name": "अक्षर एकेडेमी",
        "name:en": "Akashar academy",
        "name:ne": "अक्षर एकेडेमी"
      },
      "geometry": {
        "type": "Point",
        "coordinates": [
          85.3328741,
          27.7018248
        ]
      },
      "id": "node/5200110921"
    },
    {
      "type": "Feature",
      "properties": {
        "@id": "node/5241991621",
        "amenity": "school",
        "name": "जुगल अंग्रेजी बोर्डिङ विद्यालय",
        "name:en": "Jugal English Boarding School",
        "name:ne": "जुगल अंग्रेजी बोर्डिङ स्कुल"
      },
      "geometry": {
        "type": "Point",
        "coordinates": [
          85.3564697,
          27.7326438
        ]
      },
      "id": "node/5241991621"
    },
    {
      "type": "Feature",
      "properties": {
        "@id": "node/5245747522",
        "amenity": "school",
        "name": "पाइलन एकेडेमी",
        "name:en": "Pylon Academy",
        "name:ne": "पाइलन एकेडेमी",
        "phone": "014721043"
      },
      "geometry": {
        "type": "Point",
        "coordinates": [
          85.3369805,
          27.7396226
        ]
      },
      "id": "node/5245747522"
    },
    {
      "type": "Feature",
      "properties": {
        "@id": "node/5248166722",
        "addr:street": "Bijulibazar Marg",
        "amenity": "college",
        "name:en": "Presidential Buisness School",
        "toilets:wheelchair": "no",
        "website": "https://presidential.edu.np/",
        "wheelchair": "no"
      },
      "geometry": {
        "type": "Point",
        "coordinates": [
          85.330404,
          27.6920584
        ]
      },
      "id": "node/5248166722"
    },
    {
      "type": "Feature",
      "properties": {
        "@id": "node/5273245862",
        "amenity": "school",
        "name": "मोदर आर्म चिल्ड्रेन केअर तथा किंडरगार्टन",
        "name:en": "Mothers Arm Children Care & Kindergarten",
        "name:ne": "मोदर आर्म चिल्ड्रेन केअर तथा किंडरगार्टन"
      },
      "geometry": {
        "type": "Point",
        "coordinates": [
          85.3232937,
          27.6799213
        ]
      },
      "id": "node/5273245862"
    },
    {
      "type": "Feature",
      "properties": {
        "@id": "node/5283698121",
        "addr:street": "Baghbazaar Road",
        "amenity": "prep_school",
        "name:en": "Nimble International Academy and Tution Centre",
        "opening_hours": "Su-Fr 06:00-19:00",
        "phone": "014241454"
      },
      "geometry": {
        "type": "Point",
        "coordinates": [
          85.3190887,
          27.7049943
        ]
      },
      "id": "node/5283698121"
    },
    {
      "type": "Feature",
      "properties": {
        "@id": "node/5333643121",
        "addr:street": "manshree Marg",
        "amenity": "driving_school",
        "name:en": "D.B Driving Institute"
      },
      "geometry": {
        "type": "Point",
        "coordinates": [
          85.3360164,
          27.7257114
        ]
      },
      "id": "node/5333643121"
    },
    {
      "type": "Feature",
      "properties": {
        "@id": "node/5342214423",
        "amenity": "kindergarten",
        "name:en": "Angel Montessori School",
        "opening_hours": "Su-Fr 09:00-18:00"
      },
      "geometry": {
        "type": "Point",
        "coordinates": [
          85.3377466,
          27.6656089
        ]
      },
      "id": "node/5342214423"
    },
    {
      "type": "Feature",
      "properties": {
        "@id": "node/5342214424",
        "amenity": "driving_school",
        "name": "सासा ड्राइभिङ स्कुल",
        "name:en": "Sasa Driving School",
        "name:ne": "सासा ड्राइभिङ स्कुल"
      },
      "geometry": {
        "type": "Point",
        "coordinates": [
          85.3370416,
          27.6649342
        ]
      },
      "id": "node/5342214424"
    },
    {
      "type": "Feature",
      "properties": {
        "@id": "node/5345124221",
        "amenity": "college",
        "email": "info@Blackhawk.edu.np",
        "name": "ब्ल्याक हक कलेज अफ कम्प्युटर स्टडीज",
        "name:en": "Black Hawk College of Computer Studies",
        "name:ne": "ब्ल्याक हक कलेज अफ कम्प्युटर स्टडीज",
        "opening_hours": "Su-Fr 06:30-20:00; Sa 00:00-24:00",
        "operator": "Bikram Khadka",
        "phone": "014484097",
        "website": "https://www.blackhawk.edu.np/"
      },
      "geometry": {
        "type": "Point",
        "coordinates": [
          85.346475,
          27.7178269
        ]
      },
      "id": "node/5345124221"
    },
    {
      "type": "Feature",
      "properties": {
        "@id": "node/5349249522",
        "amenity": "school",
        "email": "educareshashi@gmail.com",
        "name": "एडुकेयर एब्रोयड कन्सल्ट प्रा. लि",
        "name:en": "Educare Abroad Consult Pvt. Ltd",
        "name:ne": "एडुकेयर एब्रोयड कन्सल्ट प्रा. लि",
        "opening_hours": "Sa 09:00-18:00; Su-Fr 06:00-18:00",
        "operator": "SP Bhattarai",
        "phone": "014288243",
        "website": "http://www.educare.com"
      },
      "geometry": {
        "type": "Point",
        "coordinates": [
          85.2997341,
          27.6982139
        ]
      },
      "id": "node/5349249522"
    },
    {
      "type": "Feature",
      "properties": {
        "@id": "node/5407615233",
        "amenity": "driving_school",
        "name": "Ability Driving Institute"
      },
      "geometry": {
        "type": "Point",
        "coordinates": [
          85.3290931,
          27.6813036
        ]
      },
      "id": "node/5407615233"
    },
    {
      "type": "Feature",
      "properties": {
        "@id": "node/5465965521",
        "addr:street": "Dilli Bazaar Road",
        "amenity": "school",
        "email": "info@skyfall.edu.np",
        "name": "स्काइफल शैक्षिक परामर्श",
        "name:en": "Skyfall Educational Consultancy",
        "name:ne": "स्काइफल शैक्षिक परामर्श",
        "phone": "014410965",
        "website": "http://www.skyfall.edu.np"
      },
      "geometry": {
        "type": "Point",
        "coordinates": [
          85.3230444,
          27.7055393
        ]
      },
      "id": "node/5465965521"
    },
    {
      "type": "Feature",
      "properties": {
        "@id": "node/5472163824",
        "addr:street": "Kalanki",
        "amenity": "school",
        "email": "sijalabroadstudies@gmail.com",
        "name": "सिजल विदेश अध्ययन प्रा. लि",
        "name:en": "Sijal Abroad Studies Pvt.Ltd",
        "name:ne": "सिजल विदेश अध्ययन प्रा. लि",
        "opening_hours": "Mo-Su 09:00-18:00",
        "operator": "Laxmi Paudel Pokhrel",
        "phone": "01-5219099"
      },
      "geometry": {
        "type": "Point",
        "coordinates": [
          85.2812216,
          27.6951296
        ]
      },
      "id": "node/5472163824"
    },
    {
      "type": "Feature",
      "properties": {
        "@id": "node/5479588210",
        "amenity": "school",
        "name": "नेपाल पाथफाईन्दर कोएड",
        "name:en": "nepal pathfinder coed",
        "name:ne": "नेपाल पाथफाईन्दर कोएड"
      },
      "geometry": {
        "type": "Point",
        "coordinates": [
          85.3458891,
          27.7031464
        ]
      },
      "id": "node/5479588210"
    },
    {
      "type": "Feature",
      "properties": {
        "@id": "node/5528676423",
        "amenity": "college",
        "name": "केयू सिटी कलेज",
        "name:en": "KU City College",
        "name:ne": "केयू सिटी कलेज"
      },
      "geometry": {
        "type": "Point",
        "coordinates": [
          85.3503571,
          27.7260737
        ]
      },
      "id": "node/5528676423"
    },
    {
      "type": "Feature",
      "properties": {
        "@id": "node/5542410821",
        "addr:street": "damkal chowk",
        "amenity": "driving_school",
        "name:en": "Manakamana Driving institute"
      },
      "geometry": {
        "type": "Point",
        "coordinates": [
          85.314617,
          27.675792
        ]
      },
      "id": "node/5542410821"
    },
    {
      "type": "Feature",
      "properties": {
        "@id": "node/5609009924",
        "amenity": "college",
        "name": "National Law College",
        "name:en": "National Law College"
      },
      "geometry": {
        "type": "Point",
        "coordinates": [
          85.3037303,
          27.6816536
        ]
      },
      "id": "node/5609009924"
    },
    {
      "type": "Feature",
      "properties": {
        "@id": "node/5616604322",
        "amenity": "college",
        "name": "मेपल अन्तर्राष्ट्रिय शिक्षा",
        "name:en": "Maple International Education",
        "name:ne": "मेपल अन्तर्राष्ट्रिय शिक्षा"
      },
      "geometry": {
        "type": "Point",
        "coordinates": [
          85.3223526,
          27.701616
        ]
      },
      "id": "node/5616604322"
    },
    {
      "type": "Feature",
      "properties": {
        "@id": "node/5619805721",
        "addr:street": "Maiti Devi marg",
        "amenity": "college",
        "email": "info@sunway.edu.np",
        "name:en": "Sunway International Business School",
        "phone": "01-4431725",
        "website": "https://sunway.edu.np/"
      },
      "geometry": {
        "type": "Point",
        "coordinates": [
          85.3343332,
          27.7054273
        ]
      },
      "id": "node/5619805721"
    },
    {
      "type": "Feature",
      "properties": {
        "@id": "node/5625028221",
        "addr:postcode": "44600",
        "addr:street": "Kanti Path",
        "amenity": "school",
        "name": "माया एनिमेसन एकेडेमी",
        "name:en": "Maya Animation Acadamy",
        "name:ne": "माया एनिमेसन एकेडेमी",
        "phone": "9860140513",
        "website": "https://www.maya-animation.com/"
      },
      "geometry": {
        "type": "Point",
        "coordinates": [
          85.3149129,
          27.7092014
        ]
      },
      "id": "node/5625028221"
    },
    {
      "type": "Feature",
      "properties": {
        "@id": "node/5626602821",
        "addr:street": "Jamal Sadak",
        "amenity": "university",
        "name": "वातावरण विज्ञान विभाग, त्रिभुवन विश्वविद्यालय",
        "name:en": "Department of Environmental Science, Tribhuvan University",
        "name:ne": "वातावरण विज्ञान विभाग, त्रिभुवन विश्वविद्यालय"
      },
      "geometry": {
        "type": "Point",
        "coordinates": [
          85.3161155,
          27.7086341
        ]
      },
      "id": "node/5626602821"
    },
    {
      "type": "Feature",
      "properties": {
        "@id": "node/5639154621",
        "amenity": "school",
        "name": "योग एकेडेमी केन्द्र",
        "name:en": "Yoga Academy Center",
        "name:ne": "योग एकेडेमी केन्द्र",
        "name:tr": "yoga okulu"
      },
      "geometry": {
        "type": "Point",
        "coordinates": [
          85.2769867,
          27.726625
        ]
      },
      "id": "node/5639154621"
    },
    {
      "type": "Feature",
      "properties": {
        "@id": "node/5645142636",
        "addr:street": "Himali Marga",
        "amenity": "college",
        "contact:facebook": "https://www.facebook.com/pages/category/Community-College/Himalaya-College-Koteshowr-955463497846567/",
        "email": "info@himalayacollege.com",
        "name": "Himalaya H.S.S./College",
        "phone": "+977 01 4600320;+977 01 4600518",
        "website": "https://www.himalayacollege.com/"
      },
      "geometry": {
        "type": "Point",
        "coordinates": [
          85.346938,
          27.6797896
        ]
      },
      "id": "node/5645142636"
    },
    {
      "type": "Feature",
      "properties": {
        "@id": "node/5677695624",
        "addr:street": "Dhaukhel Marg",
        "amenity": "college",
        "name:en": "Jubilant College",
        "opening_hours": "Su-Fr 06:00-17:00",
        "toilets:wheelchair": "no",
        "wheelchair": "yes"
      },
      "geometry": {
        "type": "Point",
        "coordinates": [
          85.3017015,
          27.6984796
        ]
      },
      "id": "node/5677695624"
    },
    {
      "type": "Feature",
      "properties": {
        "@id": "node/5689260525",
        "amenity": "music_school",
        "name:en": "Sangit Sheela Academy"
      },
      "geometry": {
        "type": "Point",
        "coordinates": [
          85.3435566,
          27.72054
        ]
      },
      "id": "node/5689260525"
    },
    {
      "type": "Feature",
      "properties": {
        "@id": "node/5823639354",
        "amenity": "kindergarten",
        "name": "हम्रो मोन्टेस्सोरी",
        "name:en": "Hamro Montessori",
        "name:ne": "हम्रो मोन्टेस्सोरी"
      },
      "geometry": {
        "type": "Point",
        "coordinates": [
          85.3547789,
          27.7363722
        ]
      },
      "id": "node/5823639354"
    },
    {
      "type": "Feature",
      "properties": {
        "@id": "node/5834008185",
        "amenity": "kindergarten",
        "name": "सानो आश्चर्य",
        "name:en": "Little Wonder",
        "name:ne": "सानो आश्चर्य"
      },
      "geometry": {
        "type": "Point",
        "coordinates": [
          85.3552704,
          27.7277795
        ]
      },
      "id": "node/5834008185"
    },
    {
      "type": "Feature",
      "properties": {
        "@id": "node/5848783091",
        "amenity": "school"
      },
      "geometry": {
        "type": "Point",
        "coordinates": [
          85.3218772,
          27.7053049
        ]
      },
      "id": "node/5848783091"
    },
    {
      "type": "Feature",
      "properties": {
        "@id": "node/5852652685",
        "addr:street": "Sankhamul Road",
        "amenity": "driving_school",
        "name:en": "Creative Driving School"
      },
      "geometry": {
        "type": "Point",
        "coordinates": [
          85.3293075,
          27.6798166
        ]
      },
      "id": "node/5852652685"
    },
    {
      "type": "Feature",
      "properties": {
        "@id": "node/5909455364",
        "amenity": "college",
        "name": "Times International College"
      },
      "geometry": {
        "type": "Point",
        "coordinates": [
          85.3274529,
          27.7081572
        ]
      },
      "id": "node/5909455364"
    },
    {
      "type": "Feature",
      "properties": {
        "@id": "node/5916500285",
        "amenity": "college",
        "name:en": "Central Department of English"
      },
      "geometry": {
        "type": "Point",
        "coordinates": [
          85.2830737,
          27.6824655
        ]
      },
      "id": "node/5916500285"
    },
    {
      "type": "Feature",
      "properties": {
        "@id": "node/5921925039",
        "amenity": "school",
        "name": "बालपिथ प्राथमिक विद्यालय",
        "name:en": "Balpith Primary School",
        "name:ne": "बालपिथ प्राथमिक विद्यालय"
      },
      "geometry": {
        "type": "Point",
        "coordinates": [
          85.3514459,
          27.6988617
        ]
      },
      "id": "node/5921925039"
    },
    {
      "type": "Feature",
      "properties": {
        "@id": "node/5921937437",
        "amenity": "school",
        "name": "ग्यालेक्सी पब्लिक विद्यालय",
        "name:en": "Galaxy Public School",
        "name:ne": "ग्यालेक्सी पब्लिक विद्यालय"
      },
      "geometry": {
        "type": "Point",
        "coordinates": [
          85.3303915,
          27.7082521
        ]
      },
      "id": "node/5921937437"
    },
    {
      "type": "Feature",
      "properties": {
        "@id": "node/5933361485",
        "amenity": "school",
        "name": "मर्सी मिशन हिमालय फाउन्डेसन",
        "name:en": "Mercy Mission Himalaya foundation",
        "name:ne": "मर्सी मिसन हिमालय फाउन्डेसन",
        "website": "http://www.mmhnepal.org.np"
      },
      "geometry": {
        "type": "Point",
        "coordinates": [
          85.309159,
          27.6597933
        ]
      },
      "id": "node/5933361485"
    },
    {
      "type": "Feature",
      "properties": {
        "@id": "node/5961692309",
        "amenity": "school",
        "email": "kingdommhbs@gmail.com",
        "name": "साउथवेस्टर्न स्टेट विद्यालय",
        "name:en": "Southwestern School",
        "name:ne": "साउथवेस्टर्न स्टेट विद्यालय"
      },
      "geometry": {
        "type": "Point",
        "coordinates": [
          85.3219065,
          27.7364398
        ]
      },
      "id": "node/5961692309"
    },
    {
      "type": "Feature",
      "properties": {
        "@id": "node/5961692311",
        "amenity": "college",
        "name": "Asian School of Management",
        "toilets:wheelchair": "no",
        "wheelchair": "no"
      },
      "geometry": {
        "type": "Point",
        "coordinates": [
          85.3124893,
          27.7353108
        ]
      },
      "id": "node/5961692311"
    },
    {
      "type": "Feature",
      "properties": {
        "@id": "node/5965189086",
        "addr:postcode": "44622",
        "addr:street": "Faika Chock Budhanilkantha\n-12",
        "amenity": "kindergarten",
        "email": "springbud.2011@gmail.com",
        "name:en": "Spring Buds Montessori",
        "opening_hours": "Su-Fr 09:00-15:30",
        "phone": "4821587"
      },
      "geometry": {
        "type": "Point",
        "coordinates": [
          85.362731,
          27.732284
        ]
      },
      "id": "node/5965189086"
    },
    {
      "type": "Feature",
      "properties": {
        "@id": "node/5966565997",
        "amenity": "college",
        "name": "Atharva Business College",
        "toilets:wheelchair": "no",
        "wheelchair": "no"
      },
      "geometry": {
        "type": "Point",
        "coordinates": [
          85.3389862,
          27.7437119
        ]
      },
      "id": "node/5966565997"
    },
    {
      "type": "Feature",
      "properties": {
        "@id": "node/5981623810",
        "amenity": "school",
        "name": "सहारा मन्टेश्वरी विद्यालय",
        "name:en": "Sahara Montessori School",
        "name:ne": "सहारा मन्टेश्वरी विद्यालय"
      },
      "geometry": {
        "type": "Point",
        "coordinates": [
          85.3638078,
          27.7288719
        ]
      },
      "id": "node/5981623810"
    },
    {
      "type": "Feature",
      "properties": {
        "@id": "node/5995657486",
        "amenity": "school",
        "email": "elimkids@gmail.com",
        "name": "एलिम एकेडेमी",
        "name:en": "Elim Academy",
        "name:ne": "एलिम एकेडेमी",
        "phone": "+977-01-4720098"
      },
      "geometry": {
        "type": "Point",
        "coordinates": [
          85.3359387,
          27.7400571
        ]
      },
      "id": "node/5995657486"
    },
    {
      "type": "Feature",
      "properties": {
        "@id": "node/5999458615",
        "amenity": "school",
        "name": "सर्कोङ दोर्जी चाङ एकेडेमी",
        "name:en": "Serkong Dorji Chang Academy",
        "name:ne": "सर्कोङ दोर्जी चाङ एकेडेमी",
        "toilets:wheelchair": "no",
        "wheelchair": "limited"
      },
      "geometry": {
        "type": "Point",
        "coordinates": [
          85.2875981,
          27.7141557
        ]
      },
      "id": "node/5999458615"
    },
    {
      "type": "Feature",
      "properties": {
        "@id": "node/6018706843",
        "amenity": "school",
        "toilets:wheelchair": "limited",
        "wheelchair": "yes"
      },
      "geometry": {
        "type": "Point",
        "coordinates": [
          85.3316655,
          27.7081839
        ]
      },
      "id": "node/6018706843"
    },
    {
      "type": "Feature",
      "properties": {
        "@id": "node/6021113419",
        "amenity": "school",
        "name": "गीतांजली उच्च माध्यमिक विद्यालय",
        "name:en": "Geetanjali H.S. School",
        "name:ne": "गीतांजली उच्च माध्यमिक विद्यालय",
        "toilets:wheelchair": "no",
        "website": "https://heavenhimalaya.com",
        "wheelchair": "limited"
      },
      "geometry": {
        "type": "Point",
        "coordinates": [
          85.3049487,
          27.7192068
        ]
      },
      "id": "node/6021113419"
    },
    {
      "type": "Feature",
      "properties": {
        "@id": "node/6022629785",
        "addr:street": "Naya Bato",
        "amenity": "kindergarten",
        "name": "Euro Kids Montessori"
      },
      "geometry": {
        "type": "Point",
        "coordinates": [
          85.3039685,
          27.6772588
        ]
      },
      "id": "node/6022629785"
    },
    {
      "type": "Feature",
      "properties": {
        "@id": "node/6043108727",
        "amenity": "college",
        "name": "Texas College of Management and IT",
        "toilets:wheelchair": "no",
        "wheelchair": "yes"
      },
      "geometry": {
        "type": "Point",
        "coordinates": [
          85.3425066,
          27.7137392
        ]
      },
      "id": "node/6043108727"
    },
    {
      "type": "Feature",
      "properties": {
        "@id": "node/6043111642",
        "amenity": "school",
        "name": "श्री बाल बयाबासाये केन्द्र माध्यमिक विद्यालय",
        "name:en": "Shree Bal Byabasaye Kendra Secondary School",
        "name:ne": "श्री बाल बयाबासाये केन्द्र माध्यमिक विद्यालय",
        "toilets:wheelchair": "no",
        "wheelchair": "yes"
      },
      "geometry": {
        "type": "Point",
        "coordinates": [
          85.3409446,
          27.7119204
        ]
      },
      "id": "node/6043111642"
    },
    {
      "type": "Feature",
      "properties": {
        "@id": "node/6048863185",
        "amenity": "college",
        "name:en": "Siddhartha Multiple College"
      },
      "geometry": {
        "type": "Point",
        "coordinates": [
          85.280356,
          27.700482
        ]
      },
      "id": "node/6048863185"
    },
    {
      "type": "Feature",
      "properties": {
        "@id": "node/6052160685",
        "amenity": "college",
        "name": "कलेज अफ बिजनेस म्यानेजमेन्ट (सीबीएम)",
        "name:en": "College of Business Management (CBM)",
        "name:ne": "कलेज अफ बिजनेस म्यानेजमेन्ट (सीबीएम)"
      },
      "geometry": {
        "type": "Point",
        "coordinates": [
          85.3266766,
          27.7058205
        ]
      },
      "id": "node/6052160685"
    },
    {
      "type": "Feature",
      "properties": {
        "@id": "node/6052247701",
        "amenity": "college",
        "toilets:wheelchair": "no",
        "wheelchair": "limited"
      },
      "geometry": {
        "type": "Point",
        "coordinates": [
          85.3234922,
          27.6583186
        ]
      },
      "id": "node/6052247701"
    },
    {
      "type": "Feature",
      "properties": {
        "@id": "node/6052315075",
        "amenity": "school",
        "name": "Reliable Students School",
        "toilets:wheelchair": "yes",
        "wheelchair": "no"
      },
      "geometry": {
        "type": "Point",
        "coordinates": [
          85.3271776,
          27.6585194
        ]
      },
      "id": "node/6052315075"
    },
    {
      "type": "Feature",
      "properties": {
        "@id": "node/6056569223",
        "amenity": "college",
        "name": "Baluwatar Model College",
        "toilets:wheelchair": "no",
        "wheelchair": "yes"
      },
      "geometry": {
        "type": "Point",
        "coordinates": [
          85.3324672,
          27.7240818
        ]
      },
      "id": "node/6056569223"
    },
    {
      "type": "Feature",
      "properties": {
        "@id": "node/6056988585",
        "addr:street": "Pragati Tole Marg",
        "amenity": "college",
        "name:en": "National College",
        "opening_hours": "Su-Fr 09:00-16:00",
        "phone": "014420871",
        "website": "https://nationalcollege.edu.np/"
      },
      "geometry": {
        "type": "Point",
        "coordinates": [
          85.3413543,
          27.7315694
        ]
      },
      "id": "node/6056988585"
    },
    {
      "type": "Feature",
      "properties": {
        "@id": "node/6056988586",
        "addr:street": "Purano Bagar Marg",
        "amenity": "school",
        "name": "जनपथ माध्यमिक विद्यालय",
        "name:en": "Janapath Madhyamik Vidhyalaya",
        "name:ne": "जनपथ माध्यमिक विद्यालय",
        "opening_hours": "Su-Fr 10:00-16:00",
        "phone": "014274858"
      },
      "geometry": {
        "type": "Point",
        "coordinates": [
          85.279991,
          27.6907298
        ]
      },
      "id": "node/6056988586"
    },
    {
      "type": "Feature",
      "properties": {
        "@id": "node/6056988785",
        "amenity": "school",
        "name": "नेपालय विद्यालय",
        "name:en": "Nepalaya School",
        "name:ne": "नेपालय विद्यालय"
      },
      "geometry": {
        "type": "Point",
        "coordinates": [
          85.2856094,
          27.6947178
        ]
      },
      "id": "node/6056988785"
    },
    {
      "type": "Feature",
      "properties": {
        "@id": "node/6064240607",
        "amenity": "school",
        "name": "भिजन मोन्टेस्सोरी विद्यालय",
        "name:en": "Vision Montessori School",
        "name:ne": "भिजन मोन्टेस्सोरी विद्यालय"
      },
      "geometry": {
        "type": "Point",
        "coordinates": [
          85.3485328,
          27.6775996
        ]
      },
      "id": "node/6064240607"
    },
    {
      "type": "Feature",
      "properties": {
        "@id": "node/6064240608",
        "amenity": "college",
        "name": "समृद्धि कलेज",
        "name:en": "Samriddhi College",
        "name:ne": "समृद्धि कलेज",
        "toilets:wheelchair": "limited",
        "wheelchair": "no"
      },
      "geometry": {
        "type": "Point",
        "coordinates": [
          85.3486696,
          27.6773407
        ]
      },
      "id": "node/6064240608"
    },
    {
      "type": "Feature",
      "properties": {
        "@id": "node/6066400160",
        "amenity": "college",
        "name": "Oskar International College (college and flim studio)",
        "toilets:wheelchair": "no",
        "wheelchair": "yes"
      },
      "geometry": {
        "type": "Point",
        "coordinates": [
          85.3457193,
          27.7261395
        ]
      },
      "id": "node/6066400160"
    },
    {
      "type": "Feature",
      "properties": {
        "@id": "node/6082336486",
        "amenity": "college",
        "name:en": "Rolwalling College (Grand Academy)"
      },
      "geometry": {
        "type": "Point",
        "coordinates": [
          85.3218167,
          27.670081
        ]
      },
      "id": "node/6082336486"
    },
    {
      "type": "Feature",
      "properties": {
        "@id": "node/6089307783",
        "amenity": "school",
        "name": "हिमालय विद्यालय मन्दिर",
        "name:en": "Himalaya Vidyalaya Mandir",
        "name:ne": "हिमालय विद्यालय मन्दिर"
      },
      "geometry": {
        "type": "Point",
        "coordinates": [
          85.3387995,
          27.7102419
        ]
      },
      "id": "node/6089307783"
    },
    {
      "type": "Feature",
      "properties": {
        "@id": "node/6114639138",
        "addr:city": "kathmandu",
        "addr:street": "suruchimarga",
        "amenity": "college",
        "name": "shwoyambhu international college",
        "operator:type": "public"
      },
      "geometry": {
        "type": "Point",
        "coordinates": [
          85.3355279,
          27.6867161
        ]
      },
      "id": "node/6114639138"
    },
    {
      "type": "Feature",
      "properties": {
        "@id": "node/6115849952",
        "amenity": "kindergarten",
        "name": "Kathmandu Newa Kindergarten"
      },
      "geometry": {
        "type": "Point",
        "coordinates": [
          85.3033285,
          27.7171734
        ]
      },
      "id": "node/6115849952"
    },
    {
      "type": "Feature",
      "properties": {
        "@id": "node/6118675763",
        "addr:place": "kuleshwor 14",
        "addr:street": "gaurishankar margh",
        "amenity": "school",
        "name": "शिक्षा बाल विद्यालय",
        "name:en": "Shiksha Kids Education",
        "name:ne": "शिक्षा बाल विद्यालय",
        "opening_hours": "9:00-15:00",
        "operator": "private"
      },
      "geometry": {
        "type": "Point",
        "coordinates": [
          85.2947596,
          27.6892681
        ]
      },
      "id": "node/6118675763"
    },
    {
      "type": "Feature",
      "properties": {
        "@id": "node/6122932185",
        "amenity": "school",
        "name": "पाराडाईज अन्तर्राष्ट्रिय एकेडेमी",
        "name:en": "Paradise International Academy",
        "name:ne": "पाराडाईज अन्तर्राष्ट्रिय एकेडेमी"
      },
      "geometry": {
        "type": "Point",
        "coordinates": [
          85.3395827,
          27.7135639
        ]
      },
      "id": "node/6122932185"
    },
    {
      "type": "Feature",
      "properties": {
        "@id": "node/6135611485",
        "amenity": "college",
        "email": "info@ismt.edu.np",
        "name:en": "ISMT College",
        "opening_hours": "Mo-Su 06:30-17:00",
        "phone": "01-4499013",
        "website": "https://ismt.edu.np/"
      },
      "geometry": {
        "type": "Point",
        "coordinates": [
          85.3491251,
          27.6887388
        ]
      },
      "id": "node/6135611485"
    },
    {
      "type": "Feature",
      "properties": {
        "@id": "node/6149298085",
        "amenity": "college",
        "name:en": "Santy dai ko college"
      },
      "geometry": {
        "type": "Point",
        "coordinates": [
          85.3344991,
          27.6876323
        ]
      },
      "id": "node/6149298085"
    },
    {
      "type": "Feature",
      "properties": {
        "@id": "node/6170362473",
        "amenity": "school",
        "name": "प्यारागन विद्यालय",
        "name:en": "Paragon school",
        "name:ne": "प्यारागन विद्यालय"
      },
      "geometry": {
        "type": "Point",
        "coordinates": [
          85.3501038,
          27.7016314
        ]
      },
      "id": "node/6170362473"
    },
    {
      "type": "Feature",
      "properties": {
        "@id": "node/6252046188",
        "amenity": "kindergarten",
        "name": "Lovely Home Child Care"
      },
      "geometry": {
        "type": "Point",
        "coordinates": [
          85.3158794,
          27.673967
        ]
      },
      "id": "node/6252046188"
    },
    {
      "type": "Feature",
      "properties": {
        "@id": "node/6541779986",
        "amenity": "college",
        "name:en": "Aayam international college"
      },
      "geometry": {
        "type": "Point",
        "coordinates": [
          85.3190432,
          27.6694752
        ]
      },
      "id": "node/6541779986"
    },
    {
      "type": "Feature",
      "properties": {
        "@id": "node/6699738285",
        "amenity": "kindergarten",
        "name:en": "Bal Raman Batika",
        "opening_hours": "Su-Fr 09:00-18:00"
      },
      "geometry": {
        "type": "Point",
        "coordinates": [
          85.3071236,
          27.7209977
        ]
      },
      "id": "node/6699738285"
    },
    {
      "type": "Feature",
      "properties": {
        "@id": "node/6771636474",
        "amenity": "school",
        "description": "English medium,  nayabazar",
        "name": "चे हाई स्कुल",
        "name:en": "Che High School",
        "name:ne": "चे हाई स्कुल"
      },
      "geometry": {
        "type": "Point",
        "coordinates": [
          85.3037948,
          27.7214995
        ]
      },
      "id": "node/6771636474"
    },
    {
      "type": "Feature",
      "properties": {
        "@id": "node/6771638721",
        "amenity": "college",
        "name": "Geetajali college"
      },
      "geometry": {
        "type": "Point",
        "coordinates": [
          85.3032672,
          27.7218842
        ]
      },
      "id": "node/6771638721"
    },
    {
      "type": "Feature",
      "properties": {
        "@id": "node/6771648718",
        "amenity": "school",
        "description": "Nayabazar",
        "name": "गीताञ‍्जली एकेडेमी",
        "name:en": "Geetajali Academy",
        "name:ne": "गीताञ‍्जली एकेडेमी"
      },
      "geometry": {
        "type": "Point",
        "coordinates": [
          85.3029608,
          27.7221863
        ]
      },
      "id": "node/6771648718"
    },
    {
      "type": "Feature",
      "properties": {
        "@id": "node/6880658485",
        "amenity": "college",
        "name:en": "Kathmandu Campus",
        "opening_hours": "Su-Fr 10:00-17:00"
      },
      "geometry": {
        "type": "Point",
        "coordinates": [
          85.2969882,
          27.6967705
        ]
      },
      "id": "node/6880658485"
    },
    {
      "type": "Feature",
      "properties": {
        "@id": "node/6880658785",
        "amenity": "school",
        "name": "शाइन होशिमी इन्टरनेसनल प्रा. लि.",
        "name:en": "Shine Hoshimi International Pvt. Ltd.",
        "name:ne": "शाइन होशिमी इन्टरनेसनल प्रा. लि."
      },
      "geometry": {
        "type": "Point",
        "coordinates": [
          85.3375493,
          27.6943979
        ]
      },
      "id": "node/6880658785"
    },
    {
      "type": "Feature",
      "properties": {
        "@id": "node/6907527856",
        "amenity": "kindergarten",
        "description": "Area Durbar marg",
        "name": "Modern Newa English School"
      },
      "geometry": {
        "type": "Point",
        "coordinates": [
          85.3192396,
          27.7111581
        ]
      },
      "id": "node/6907527856"
    },
    {
      "type": "Feature",
      "properties": {
        "@id": "node/7088153786",
        "amenity": "college",
        "name": "B&B Medical Institute",
        "name:en": "B&B Medical Institute",
        "name:ne": "बी एन्ड बी मेडिकल इन्स्टिच्युट"
      },
      "geometry": {
        "type": "Point",
        "coordinates": [
          85.3310955,
          27.6640719
        ]
      },
      "id": "node/7088153786"
    },
    {
      "type": "Feature",
      "properties": {
        "@id": "node/7088157087",
        "amenity": "school",
        "name": "श्री पशुपति माध्यमिक विद्यालय",
        "name:en": "Shree Pashupati Secondary School",
        "name:ne": "श्री पशुपति मा. माध्यमिक विद्यालय"
      },
      "geometry": {
        "type": "Point",
        "coordinates": [
          85.3459386,
          27.7161811
        ]
      },
      "id": "node/7088157087"
    },
    {
      "type": "Feature",
      "properties": {
        "@id": "node/7190364785",
        "amenity": "kindergarten",
        "name": "Shemrock Kindergarten"
      },
      "geometry": {
        "type": "Point",
        "coordinates": [
          85.3340352,
          27.7276577
        ]
      },
      "id": "node/7190364785"
    },
    {
      "type": "Feature",
      "properties": {
        "@id": "node/7198279985",
        "addr:street": "Baghbazar Road",
        "amenity": "college",
        "name:en": "Gurukul CA",
        "opening_hours": "Mo-Su 06:00-18:30",
        "operator": "CA Megh Raj Aryal, CA Arun Aryal, CA Mukul Bhatt",
        "phone": "01-4251342",
        "website": "http://www.gurukulca.com"
      },
      "geometry": {
        "type": "Point",
        "coordinates": [
          85.320228,
          27.7062105
        ]
      },
      "id": "node/7198279985"
    },
    {
      "type": "Feature",
      "properties": {
        "@id": "node/7202399185",
        "amenity": "kindergarten",
        "name": "Little Elly Nepal"
      },
      "geometry": {
        "type": "Point",
        "coordinates": [
          85.3431953,
          27.7361554
        ]
      },
      "id": "node/7202399185"
    },
    {
      "type": "Feature",
      "properties": {
        "@id": "node/7216084886",
        "amenity": "college",
        "name:en": "Prasadi academy"
      },
      "geometry": {
        "type": "Point",
        "coordinates": [
          85.3160353,
          27.6699508
        ]
      },
      "id": "node/7216084886"
    },
    {
      "type": "Feature",
      "properties": {
        "@id": "node/7244176185",
        "amenity": "college",
        "name": "Himalayan Institute of Technology HIT",
        "name:en": "Himalayan Institute of Technology HIT",
        "name:hi": "हिमालयन इन्स्टिच्युट अफ टेक्नलोजी"
      },
      "geometry": {
        "type": "Point",
        "coordinates": [
          85.3330987,
          27.6779618
        ]
      },
      "id": "node/7244176185"
    },
    {
      "type": "Feature",
      "properties": {
        "@id": "node/7254745885",
        "addr:place": "Ghattekulo",
        "addr:street": "Tulsi Marg",
        "amenity": "kindergarten",
        "name": "Kakshalaya Kindergarten School"
      },
      "geometry": {
        "type": "Point",
        "coordinates": [
          85.3290751,
          27.7029036
        ]
      },
      "id": "node/7254745885"
    },
    {
      "type": "Feature",
      "properties": {
        "@id": "node/7257091185",
        "amenity": "kindergarten",
        "name": "Mother's Pride"
      },
      "geometry": {
        "type": "Point",
        "coordinates": [
          85.3223627,
          27.7087892
        ]
      },
      "id": "node/7257091185"
    },
    {
      "type": "Feature",
      "properties": {
        "@id": "node/7285083587",
        "amenity": "school",
        "name": "तारापुञ्‍ज अंग्रेजी बोर्डिङ् स्कुल",
        "name:en": "Constellation English Boarding High School",
        "name:ne": "तारापुञ्‍ज अंग्रेजी बोर्डिङ् स्कुल"
      },
      "geometry": {
        "type": "Point",
        "coordinates": [
          85.3384428,
          27.7219756
        ]
      },
      "id": "node/7285083587"
    },
    {
      "type": "Feature",
      "properties": {
        "@id": "node/7308660286",
        "amenity": "kindergarten",
        "name": "Disney International Pre-school"
      },
      "geometry": {
        "type": "Point",
        "coordinates": [
          85.3363519,
          27.7241761
        ]
      },
      "id": "node/7308660286"
    },
    {
      "type": "Feature",
      "properties": {
        "@id": "node/7308675385",
        "amenity": "kindergarten",
        "name:en": "Kiddie Clouds"
      },
      "geometry": {
        "type": "Point",
        "coordinates": [
          85.3367057,
          27.7263224
        ]
      },
      "id": "node/7308675385"
    },
    {
      "type": "Feature",
      "properties": {
        "@id": "node/7635646385",
        "amenity": "school",
        "name": "काठमाडौं ग्लोबल विद्यालय",
        "name:en": "Kathmandu Global School",
        "name:ne": "काठमाडौं ग्लोबल विद्यालय"
      },
      "geometry": {
        "type": "Point",
        "coordinates": [
          85.321808,
          27.7363536
        ]
      },
      "id": "node/7635646385"
    },
    {
      "type": "Feature",
      "properties": {
        "@id": "node/7666750265",
        "amenity": "college",
        "contact:facebook": "softwarica.nepal",
        "contact:instagram": "softwarica.college",
        "email": "hello@softwarica.com.np",
        "internet_access": "wlan",
        "name": "सफ्टवेरिका कलेज अफ आईटी एण्ड ई-कमर्स",
        "name:en": "Softwarica College of IT & E-Commerce (Block E)",
        "name:ne": "सफ्टवेरिका कलेज अफ आईटी एण्ड ई-कमर्स",
        "opening_hours": "Su-Fr 07:00-17:00",
        "outdoor_seating": "no",
        "phone": "014541577;014525661",
        "website": "https://softwarica.edu.np/"
      },
      "geometry": {
        "type": "Point",
        "coordinates": [
          85.3300086,
          27.7061835
        ]
      },
      "id": "node/7666750265"
    },
    {
      "type": "Feature",
      "properties": {
        "@id": "node/7673065886",
        "amenity": "kindergarten",
        "name": "जीनियस वर्ल्ड स्कुल",
        "name:en": "Genius World School",
        "name:ne": "जीनियस वर्ल्ड स्कुल"
      },
      "geometry": {
        "type": "Point",
        "coordinates": [
          85.3396977,
          27.7389551
        ]
      },
      "id": "node/7673065886"
    },
    {
      "type": "Feature",
      "properties": {
        "@id": "node/7813657185",
        "addr:street": "Chakupat",
        "amenity": "school",
        "name": "शाक्य एनिमेसन",
        "name:en": "Shakya Animation",
        "name:ne": "शाक्य एनिमेसन",
        "opening_hours": "Su-Fr 09:00-09:00, 18:00-18:00",
        "phone": "9779803837021",
        "website": "https://www.facebook.com/shakyaanimation/"
      },
      "geometry": {
        "type": "Point",
        "coordinates": [
          85.3254374,
          27.6802727
        ]
      },
      "id": "node/7813657185"
    },
    {
      "type": "Feature",
      "properties": {
        "@id": "node/7817081585",
        "amenity": "school",
        "grades": "1-10",
        "name": "ए.पि.एस. स्कुल",
        "name:en": "APS School",
        "name:ne": "ए.पि.एस. विद्यालय"
      },
      "geometry": {
        "type": "Point",
        "coordinates": [
          85.3223044,
          27.7417758
        ]
      },
      "id": "node/7817081585"
    },
    {
      "type": "Feature",
      "properties": {
        "@id": "node/7851842944",
        "addr:city": "Lalitpur Municipality",
        "addr:postcode": "44700",
        "addr:street": "Gwarko",
        "amenity": "college",
        "email": "info@patannist.edu.np",
        "internet_access": "yes",
        "internet_access:fee": "customers",
        "name": "एनआईएसटी कलेज, ललितपुर",
        "name:en": "NIST College, Lalitpur",
        "name:ne": "एनआईएसटी कलेज, ललितपुर",
        "operator": "National Institute Of Science",
        "operator:type": "private",
        "phone": "015186497",
        "website": "https://patannist.edu.np/"
      },
      "geometry": {
        "type": "Point",
        "coordinates": [
          85.335547,
          27.6691055
        ]
      },
      "id": "node/7851842944"
    },
    {
      "type": "Feature",
      "properties": {
        "@id": "node/7874214885",
        "addr:street": "Mahalaxmisthan Road",
        "amenity": "school",
        "email": "info@eplanet.edu.np",
        "name": "ई-प्लानेट कन्सलटेन्सी",
        "name:en": "E-planet Education Consultancy",
        "name:ne": "ई-प्लानेट कन्सलटेन्सी",
        "opening_hours": "24/7",
        "operator": "Maven Group",
        "phone": "01 5555907",
        "website": "https://www.eplanet.edu.np/"
      },
      "geometry": {
        "type": "Point",
        "coordinates": [
          85.3204514,
          27.6651844
        ]
      },
      "id": "node/7874214885"
    },
    {
      "type": "Feature",
      "properties": {
        "@id": "node/7925315385",
        "amenity": "school",
        "name": "जिलेट स्कुल",
        "name:en": "Gillette School",
        "name:ne": "जिलेट स्कुल",
        "opening_hours": "Su-Fr 08:30-17:00",
        "operator": "Netra Bahadur Limbu",
        "phone": "+97715165136"
      },
      "geometry": {
        "type": "Point",
        "coordinates": [
          85.2974847,
          27.6973057
        ]
      },
      "id": "node/7925315385"
    },
    {
      "type": "Feature",
      "properties": {
        "@id": "node/8190619857",
        "amenity": "school",
        "name": "हिमाली आवासीय विद्यालय",
        "name:en": "Himali Boarding School",
        "name:ne": "हिमाली आवासीय विद्यालय"
      },
      "geometry": {
        "type": "Point",
        "coordinates": [
          85.3488464,
          27.7031981
        ]
      },
      "id": "node/8190619857"
    },
    {
      "type": "Feature",
      "properties": {
        "@id": "node/8276906819",
        "amenity": "kindergarten",
        "name:en": "Play and Learn Kindergarten"
      },
      "geometry": {
        "type": "Point",
        "coordinates": [
          85.3210021,
          27.6862386
        ]
      },
      "id": "node/8276906819"
    },
    {
      "type": "Feature",
      "properties": {
        "@id": "node/8335731200",
        "amenity": "college",
        "contact:email": "info@iacer.edu.np",
        "contact:facebook": "https://www.facebook.com/IACER.MA.MPhil",
        "name": "Institute of Advanced Communication, Education and Research",
        "phone": "+997 1 4471915; +997 1 4467528",
        "website": "https://iacer.edu.np/"
      },
      "geometry": {
        "type": "Point",
        "coordinates": [
          85.3354688,
          27.6909559
        ]
      },
      "id": "node/8335731200"
    },
    {
      "type": "Feature",
      "properties": {
        "@id": "node/8487884517",
        "amenity": "kindergarten",
        "name:en": "Montessori Cottage Preparatory School",
        "opening_hours": "Su-Fr 09:00-15:00"
      },
      "geometry": {
        "type": "Point",
        "coordinates": [
          85.2795656,
          27.7215637
        ]
      },
      "id": "node/8487884517"
    },
    {
      "type": "Feature",
      "properties": {
        "@id": "node/8525038972",
        "amenity": "college",
        "contact:email": "info@prime.edu.np",
        "contact:facebook": "https://www.facebook.com/PrimeCollegeEdu",
        "contact:instagram": "https://www.instagram.com/prime__college/",
        "fax": "+977 14362480",
        "name": "Prime College",
        "phone": "+977 014361690; +977 014390072",
        "website": "https://www.prime.edu.np/"
      },
      "geometry": {
        "type": "Point",
        "coordinates": [
          85.2808737,
          27.6998165
        ]
      },
      "id": "node/8525038972"
    },
    {
      "type": "Feature",
      "properties": {
        "@id": "node/8525111118",
        "amenity": "school",
        "name": "मूनलाइट स्कूल",
        "name:en": "Moonlight School",
        "name:ne": "मूनलाइट स्कूल"
      },
      "geometry": {
        "type": "Point",
        "coordinates": [
          85.3413873,
          27.7371184
        ]
      },
      "id": "node/8525111118"
    },
    {
      "type": "Feature",
      "properties": {
        "@id": "node/8609013646",
        "addr:city": "Kathmandu",
        "addr:street": "Thirbam Sadak",
        "amenity": "college",
        "name": "Shivapuri High School"
      },
      "geometry": {
        "type": "Point",
        "coordinates": [
          85.3301689,
          27.7306218
        ]
      },
      "id": "node/8609013646"
    },
    {
      "type": "Feature",
      "properties": {
        "@id": "node/8609016363",
        "amenity": "college",
        "name": "Ashirvad Boarding School"
      },
      "geometry": {
        "type": "Point",
        "coordinates": [
          85.333152,
          27.7282393
        ]
      },
      "id": "node/8609016363"
    },
    {
      "type": "Feature",
      "properties": {
        "@id": "node/8631658317",
        "amenity": "school",
        "name": "यन्त्र हाउस",
        "name:en": "Yantra House",
        "name:ne": "यन्त्र हाउस"
      },
      "geometry": {
        "type": "Point",
        "coordinates": [
          85.3588544,
          27.7254607
        ]
      },
      "id": "node/8631658317"
    },
    {
      "type": "Feature",
      "properties": {
        "@id": "node/8696390312",
        "amenity": "school",
        "name": "Linga Learning Institute",
        "source": "C2M2 Kathmandu Field Survey 2021"
      },
      "geometry": {
        "type": "Point",
        "coordinates": [
          85.3109372,
          27.7102351
        ]
      },
      "id": "node/8696390312"
    },
    {
      "type": "Feature",
      "properties": {
        "@id": "node/8893779317",
        "amenity": "school",
        "name": "जेनियम नेशनल एकेडेमी",
        "name:en": "Xenium National Academy",
        "name:ne": "जेनियम नेशनल एकेडेमी"
      },
      "geometry": {
        "type": "Point",
        "coordinates": [
          85.3420419,
          27.6663569
        ]
      },
      "id": "node/8893779317"
    },
    {
      "type": "Feature",
      "properties": {
        "@id": "node/9124185793",
        "addr:city": "Lalitpur",
        "addr:postcode": "44700",
        "addr:street": "Purnachandi lane",
        "amenity": "college",
        "name": "कान्तिपुर भ्याली कलेज",
        "name:en": "Kantipur Valley College",
        "name:ne": "कान्तिपुर भ्याली कलेज"
      },
      "geometry": {
        "type": "Point",
        "coordinates": [
          85.3203343,
          27.6720947
        ]
      },
      "id": "node/9124185793"
    },
    {
      "type": "Feature",
      "properties": {
        "@id": "node/9401668319",
        "amenity": "school",
        "name": "सेन्ट लरेन्स विद्यालय",
        "name:en": "St. Lawrence School",
        "name:ne": "सेन्ट लरेन्स विद्यालय"
      },
      "geometry": {
        "type": "Point",
        "coordinates": [
          85.347502,
          27.7146021
        ]
      },
      "id": "node/9401668319"
    },
    {
      "type": "Feature",
      "properties": {
        "@id": "node/9401668326",
        "amenity": "school",
        "name": "सब्दालय नेपाल",
        "name:en": "Sabdalaya Nepal",
        "name:ne": "सब्दालय नेपाल"
      },
      "geometry": {
        "type": "Point",
        "coordinates": [
          85.3430451,
          27.7143357
        ]
      },
      "id": "node/9401668326"
    },
    {
      "type": "Feature",
      "properties": {
        "@id": "node/9401668332",
        "amenity": "school",
        "name": "बिश्व शिक्षा सदन",
        "name:en": "Bishwa Sikshya Sadan",
        "name:ne": "बिश्व शिक्षा सदन"
      },
      "geometry": {
        "type": "Point",
        "coordinates": [
          85.3497951,
          27.7174528
        ]
      },
      "id": "node/9401668332"
    },
    {
      "type": "Feature",
      "properties": {
        "@id": "node/9425107720",
        "amenity": "school",
        "name": "श्रीति विद्यालय",
        "name:en": "Shristi School",
        "name:ne": "श्रीति विद्यालय"
      },
      "geometry": {
        "type": "Point",
        "coordinates": [
          85.3567481,
          27.7187605
        ]
      },
      "id": "node/9425107720"
    },
    {
      "type": "Feature",
      "properties": {
        "@id": "node/9425130718",
        "amenity": "school",
        "name": "मिसन पब्लिक विद्यालय",
        "name:en": "Mission Public School",
        "name:ne": "मिसन पब्लिक विद्यालय"
      },
      "geometry": {
        "type": "Point",
        "coordinates": [
          85.3568821,
          27.7188793
        ]
      },
      "id": "node/9425130718"
    },
    {
      "type": "Feature",
      "properties": {
        "@id": "node/9425132317",
        "amenity": "school",
        "name": "जेभियर इन्टरनेशनल मोन्टेस्सोरी विद्यालय",
        "name:en": "Xavier International Montessori School",
        "name:ne": "जेभियर इन्टरनेशनल मोन्टेस्सोरी विद्यालय"
      },
      "geometry": {
        "type": "Point",
        "coordinates": [
          85.3566336,
          27.7186215
        ]
      },
      "id": "node/9425132317"
    },
    {
      "type": "Feature",
      "properties": {
        "@id": "node/9425159917",
        "amenity": "school",
        "name": "लारनिंग ट्री विद्यालय",
        "name:en": "Learning Tree Montessori",
        "name:ne": "लारनिंग ट्री विद्यालय"
      },
      "geometry": {
        "type": "Point",
        "coordinates": [
          85.3596675,
          27.7231622
        ]
      },
      "id": "node/9425159917"
    },
    {
      "type": "Feature",
      "properties": {
        "@id": "node/9447487917",
        "amenity": "college",
        "name": "SAAN International College"
      },
      "geometry": {
        "type": "Point",
        "coordinates": [
          85.3380386,
          27.7184657
        ]
      },
      "id": "node/9447487917"
    },
    {
      "type": "Feature",
      "properties": {
        "@id": "node/9447487918",
        "amenity": "school",
        "email": "info@eliteabroadstudies.com",
        "name": "इम्पाओररिङ्ग एसिया",
        "name:en": "Empowering Asia",
        "name:ne": "इम्पाओररिङ्ग एसिया"
      },
      "geometry": {
        "type": "Point",
        "coordinates": [
          85.3350835,
          27.7164631
        ]
      },
      "id": "node/9447487918"
    },
    {
      "type": "Feature",
      "properties": {
        "@id": "node/9450088723",
        "amenity": "college",
        "name": "हेराल्ड कलेज",
        "name:en": "Herald College",
        "name:ne": "हेराल्ड कलेज"
      },
      "geometry": {
        "type": "Point",
        "coordinates": [
          85.3309026,
          27.7122586
        ]
      },
      "id": "node/9450088723"
    },
    {
      "type": "Feature",
      "properties": {
        "@id": "node/9450088725",
        "amenity": "school",
        "name": "मल्पी सिटी विद्यालय",
        "name:en": "Malpi City School",
        "name:ne": "मल्पी सिटी विद्यालय"
      },
      "geometry": {
        "type": "Point",
        "coordinates": [
          85.3295096,
          27.7126599
        ]
      },
      "id": "node/9450088725"
    },
    {
      "type": "Feature",
      "properties": {
        "@id": "node/9450093117",
        "amenity": "college",
        "name": "Islington College"
      },
      "geometry": {
        "type": "Point",
        "coordinates": [
          85.3251957,
          27.7090276
        ]
      },
      "id": "node/9450093117"
    },
    {
      "type": "Feature",
      "properties": {
        "@id": "node/9450094317",
        "amenity": "college",
        "name": "IST College"
      },
      "geometry": {
        "type": "Point",
        "coordinates": [
          85.332784,
          27.7100619
        ]
      },
      "id": "node/9450094317"
    },
    {
      "type": "Feature",
      "properties": {
        "@id": "node/9482994712",
        "amenity": "school",
        "name": "संकटा प्राथमिक विद्यालय",
        "name:en": "Sankata Primary School",
        "name:ne": "संकटा प्राथमिक विद्यालय",
        "operator:type": "government",
        "personnel:count": "7",
        "source": "OpenDRI survey",
        "start_date": "1960-1990"
      },
      "geometry": {
        "type": "Point",
        "coordinates": [
          85.3120351,
          27.7018563
        ]
      },
      "id": "node/9482994712"
    },
    {
      "type": "Feature",
      "properties": {
        "@id": "node/9491901304",
        "addr:street": "mahaboudha ason",
        "addr:ward": "27",
        "amenity": "school",
        "building_count": "3",
        "isced:level": "secondary",
        "name": "महानकल माध्यमिक विद्यालय",
        "name:en": "Mahankal Secondary School",
        "name:ne": "महानकल माध्यमिक विद्यालय",
        "operator": "government",
        "operator:type": "government",
        "personnel:count": "26",
        "source": "OpenDRI survey",
        "student:count": "415"
      },
      "geometry": {
        "type": "Point",
        "coordinates": [
          85.3121169,
          27.7058779
        ]
      },
      "id": "node/9491901304"
    },
    {
      "type": "Feature",
      "properties": {
        "@id": "node/9494440622",
        "amenity": "college",
        "building_count": "2",
        "isced:level": "college",
        "name": "नेपाल कला क्याम्पस",
        "name:en": "Nepal Art Campus",
        "name:ne": "ललितकला क्याम्पस",
        "operator": "Tribhuvan University",
        "operator:type": "government",
        "personnel:count": "20",
        "source": "OpenDRI survey",
        "student:count": "400"
      },
      "geometry": {
        "type": "Point",
        "coordinates": [
          85.3138697,
          27.7077141
        ]
      },
      "id": "node/9494440622"
    },
    {
      "type": "Feature",
      "properties": {
        "@id": "node/9520878317",
        "addr:street": "Ring Road",
        "amenity": "kindergarten",
        "name:en": "Indreni Bal Batika IBB"
      },
      "geometry": {
        "type": "Point",
        "coordinates": [
          85.3405499,
          27.7369483
        ]
      },
      "id": "node/9520878317"
    },
    {
      "type": "Feature",
      "properties": {
        "@id": "node/9520892132",
        "addr:city": "Kathmandu",
        "addr:postcode": "44600",
        "addr:street": "Ring Road",
        "amenity": "college",
        "name": "New Millennium College",
        "phone": "+977-1-4527987, 1-4518585,",
        "website": "https://nema.edu.np/"
      },
      "geometry": {
        "type": "Point",
        "coordinates": [
          85.3455184,
          27.7290482
        ]
      },
      "id": "node/9520892132"
    },
    {
      "type": "Feature",
      "properties": {
        "@id": "node/9524096917",
        "amenity": "school",
        "name": "एन्जिलको विश्व अन्तर्राष्ट्रिय एकेडेमी",
        "name:en": "Angel's World International Academy",
        "name:ne": "एन्जिलको विश्व अन्तर्राष्ट्रिय एकेडेमी"
      },
      "geometry": {
        "type": "Point",
        "coordinates": [
          85.3309296,
          27.7388814
        ]
      },
      "id": "node/9524096917"
    },
    {
      "type": "Feature",
      "properties": {
        "@id": "node/9526052017",
        "amenity": "college",
        "name": "Orient College"
      },
      "geometry": {
        "type": "Point",
        "coordinates": [
          85.3310706,
          27.74144
        ]
      },
      "id": "node/9526052017"
    },
    {
      "type": "Feature",
      "properties": {
        "@id": "node/9526113117",
        "amenity": "college",
        "name": "सेन्ट लरेन्स कलेज",
        "name:en": "St. Lawrence College",
        "name:ne": "सेन्ट लरेन्स कलेज"
      },
      "geometry": {
        "type": "Point",
        "coordinates": [
          85.3489343,
          27.7180734
        ]
      },
      "id": "node/9526113117"
    },
    {
      "type": "Feature",
      "properties": {
        "@id": "node/9527347512",
        "amenity": "college",
        "name": "Innovative Technical Education And Vocational Training Centre",
        "phone": "014380650"
      },
      "geometry": {
        "type": "Point",
        "coordinates": [
          85.3250529,
          27.7366854
        ]
      },
      "id": "node/9527347512"
    },
    {
      "type": "Feature",
      "properties": {
        "@id": "node/9527347513",
        "amenity": "college",
        "name": "Hrit Academy"
      },
      "geometry": {
        "type": "Point",
        "coordinates": [
          85.3269984,
          27.7376741
        ]
      },
      "id": "node/9527347513"
    },
    {
      "type": "Feature",
      "properties": {
        "@id": "node/9527347514",
        "amenity": "college",
        "name": "Institute Of Medicine Central Department Of Public Health",
        "phone": "4424860"
      },
      "geometry": {
        "type": "Point",
        "coordinates": [
          85.3292595,
          27.734291
        ]
      },
      "id": "node/9527347514"
    },
    {
      "type": "Feature",
      "properties": {
        "@id": "node/9527376622",
        "amenity": "kindergarten",
        "name": "Kirti Child Care And Primary School"
      },
      "geometry": {
        "type": "Point",
        "coordinates": [
          85.3321248,
          27.7436643
        ]
      },
      "id": "node/9527376622"
    },
    {
      "type": "Feature",
      "properties": {
        "@id": "node/9527376623",
        "amenity": "school",
        "name": "बि.एन. एकेडेमी",
        "name:en": "BN Academy",
        "name:ne": "बि.एन. एकेडेमी"
      },
      "geometry": {
        "type": "Point",
        "coordinates": [
          85.3311951,
          27.7444423
        ]
      },
      "id": "node/9527376623"
    },
    {
      "type": "Feature",
      "properties": {
        "@id": "node/9527376624",
        "amenity": "school",
        "name": "जेस्ट स्कूल",
        "name:en": "Zesth School",
        "name:ne": "जेस्ट स्कूल",
        "phone": "014355754"
      },
      "geometry": {
        "type": "Point",
        "coordinates": [
          85.3321798,
          27.7408481
        ]
      },
      "id": "node/9527376624"
    },
    {
      "type": "Feature",
      "properties": {
        "@id": "node/9527376625",
        "amenity": "kindergarten",
        "name": "Spring Garden Kids World",
        "phone": "9849254110"
      },
      "geometry": {
        "type": "Point",
        "coordinates": [
          85.3297705,
          27.7401528
        ]
      },
      "id": "node/9527376625"
    },
    {
      "type": "Feature",
      "properties": {
        "@id": "node/9527376626",
        "amenity": "school",
        "name": "लिबर्टी माध्यमिक विद्यालय",
        "name:en": "Liberty Secondary School",
        "name:ne": "लिबर्टी माध्यमिक विद्यालय",
        "phone": "016211521"
      },
      "geometry": {
        "type": "Point",
        "coordinates": [
          85.3301894,
          27.7398317
        ]
      },
      "id": "node/9527376626"
    },
    {
      "type": "Feature",
      "properties": {
        "@id": "node/9527376627",
        "amenity": "school",
        "name": "ओरिएण्ट विद्यालय",
        "name:en": "Orient School",
        "name:ne": "ओरिएण्ट विद्यालय",
        "phone": "014354056"
      },
      "geometry": {
        "type": "Point",
        "coordinates": [
          85.3303007,
          27.7406612
        ]
      },
      "id": "node/9527376627"
    },
    {
      "type": "Feature",
      "properties": {
        "@id": "node/9527376628",
        "amenity": "college",
        "name": "Orient College",
        "phone": "014362218"
      },
      "geometry": {
        "type": "Point",
        "coordinates": [
          85.3310756,
          27.7413332
        ]
      },
      "id": "node/9527376628"
    },
    {
      "type": "Feature",
      "properties": {
        "@id": "node/9527376630",
        "amenity": "kindergarten",
        "name": "Rising Small Wonder Pre-School"
      },
      "geometry": {
        "type": "Point",
        "coordinates": [
          85.3381014,
          27.7429387
        ]
      },
      "id": "node/9527376630"
    },
    {
      "type": "Feature",
      "properties": {
        "@id": "node/9527376631",
        "amenity": "school",
        "name": "University School",
        "phone": "01-4389177"
      },
      "geometry": {
        "type": "Point",
        "coordinates": [
          85.3336537,
          27.7455572
        ]
      },
      "id": "node/9527376631"
    },
    {
      "type": "Feature",
      "properties": {
        "@id": "node/9527376632",
        "amenity": "college",
        "name": "Sidhartha Technical Training Center",
        "phone": "014418252"
      },
      "geometry": {
        "type": "Point",
        "coordinates": [
          85.3399002,
          27.7315734
        ]
      },
      "id": "node/9527376632"
    },
    {
      "type": "Feature",
      "properties": {
        "@id": "node/9527376633",
        "amenity": "kindergarten",
        "name": "Bal Chhahari Play Group And Pre School",
        "phone": "014440972"
      },
      "geometry": {
        "type": "Point",
        "coordinates": [
          85.3364399,
          27.7306006
        ]
      },
      "id": "node/9527376633"
    },
    {
      "type": "Feature",
      "properties": {
        "@id": "node/9527376634",
        "amenity": "kindergarten",
        "name": "The Micky Mount International Pre-School",
        "phone": "014442954"
      },
      "geometry": {
        "type": "Point",
        "coordinates": [
          85.332578,
          27.7390486
        ]
      },
      "id": "node/9527376634"
    },
    {
      "type": "Feature",
      "properties": {
        "@id": "node/9527376636",
        "amenity": "kindergarten",
        "name": "Bal Balika Montessori And Pre School",
        "phone": "014439339"
      },
      "geometry": {
        "type": "Point",
        "coordinates": [
          85.3340601,
          27.7318453
        ]
      },
      "id": "node/9527376636"
    },
    {
      "type": "Feature",
      "properties": {
        "@id": "node/9527376637",
        "amenity": "kindergarten",
        "name": "Kusum International Academy"
      },
      "geometry": {
        "type": "Point",
        "coordinates": [
          85.3283785,
          27.7434632
        ]
      },
      "id": "node/9527376637"
    },
    {
      "type": "Feature",
      "properties": {
        "@id": "node/9527376638",
        "amenity": "kindergarten",
        "name": "Starshine Pre School",
        "phone": "014353358"
      },
      "geometry": {
        "type": "Point",
        "coordinates": [
          85.3257285,
          27.7394852
        ]
      },
      "id": "node/9527376638"
    },
    {
      "type": "Feature",
      "properties": {
        "@id": "node/9527376639",
        "amenity": "school",
        "name": "साउथवेस्टर्न स्टेट कलेज",
        "name:en": "Southwestern State College",
        "name:ne": "साउथवेस्टर्न स्टेट कलेज",
        "phone": "014355457"
      },
      "geometry": {
        "type": "Point",
        "coordinates": [
          85.3255002,
          27.7394022
        ]
      },
      "id": "node/9527376639"
    },
    {
      "type": "Feature",
      "properties": {
        "@id": "node/9527376642",
        "amenity": "college",
        "name": "Bishwa Shanti Chiran-Milan College",
        "phone": "014017015"
      },
      "geometry": {
        "type": "Point",
        "coordinates": [
          85.3455541,
          27.7430382
        ]
      },
      "id": "node/9527376642"
    },
    {
      "type": "Feature",
      "properties": {
        "@id": "node/9527376643",
        "amenity": "kindergarten",
        "name": "Sunshine Kids Montessori Pre School",
        "phone": "014017035"
      },
      "geometry": {
        "type": "Point",
        "coordinates": [
          85.3446769,
          27.7441011
        ]
      },
      "id": "node/9527376643"
    },
    {
      "type": "Feature",
      "properties": {
        "@id": "node/9527376644",
        "amenity": "school",
        "name": "मुलबेरी",
        "name:en": "Mulberry",
        "name:ne": "मुलबेरी",
        "phone": "014017195"
      },
      "geometry": {
        "type": "Point",
        "coordinates": [
          85.3446585,
          27.7436846
        ]
      },
      "id": "node/9527376644"
    },
    {
      "type": "Feature",
      "properties": {
        "@id": "node/9527376645",
        "amenity": "college",
        "check_date": "2025-05-18",
        "name": "Namuna College Of Fashion Technology",
        "phone": "014377201"
      },
      "geometry": {
        "type": "Point",
        "coordinates": [
          85.3412227,
          27.7442449
        ]
      },
      "id": "node/9527376645"
    },
    {
      "type": "Feature",
      "properties": {
        "@id": "node/9528647525",
        "amenity": "school",
        "name": "साउथवेस्टर्न स्टेट विद्यालय",
        "name:en": "Southwestern school",
        "name:ne": "साउथवेस्टर्न स्टेट विद्यालय"
      },
      "geometry": {
        "type": "Point",
        "coordinates": [
          85.3254782,
          27.7393427
        ]
      },
      "id": "node/9528647525"
    },
    {
      "type": "Feature",
      "properties": {
        "@id": "node/9529542953",
        "amenity": "school",
        "name": "एल. एस. एकेडेमी",
        "name:en": "LS Academy",
        "name:ne": "एल. एस. एकेडेमी"
      },
      "geometry": {
        "type": "Point",
        "coordinates": [
          85.332481,
          27.6674522
        ]
      },
      "id": "node/9529542953"
    },
    {
      "type": "Feature",
      "properties": {
        "@id": "node/9536701738",
        "amenity": "driving_school",
        "name": "Blue Moon Motor Driving Center"
      },
      "geometry": {
        "type": "Point",
        "coordinates": [
          85.3365361,
          27.6805835
        ]
      },
      "id": "node/9536701738"
    },
    {
      "type": "Feature",
      "properties": {
        "@id": "node/9555719247",
        "amenity": "language_school",
        "name": "EHWA Consultancy Pvt. Ltd",
        "phone": "9823073590"
      },
      "geometry": {
        "type": "Point",
        "coordinates": [
          85.2785343,
          27.6747082
        ]
      },
      "id": "node/9555719247"
    },
    {
      "type": "Feature",
      "properties": {
        "@id": "node/9579966048",
        "amenity": "prep_school",
        "name": "Nawa Prativa After School Care Center"
      },
      "geometry": {
        "type": "Point",
        "coordinates": [
          85.2763532,
          27.6710329
        ]
      },
      "id": "node/9579966048"
    },
    {
      "type": "Feature",
      "properties": {
        "@id": "node/9582299875",
        "amenity": "driving_school",
        "name": "बि एस वाशिंग सेन्टर",
        "name:en": "B  S Washing centre",
        "name:ne": "बि एस वाशिंग सेन्टर"
      },
      "geometry": {
        "type": "Point",
        "coordinates": [
          85.2821015,
          27.6743191
        ]
      },
      "id": "node/9582299875"
    },
    {
      "type": "Feature",
      "properties": {
        "@id": "node/9582300218",
        "amenity": "school",
        "name": "किपू नेवा अंग्रेजी विद्यालय",
        "name:en": "Kipoo Newa English School",
        "name:ne": "किपू नेवा अंग्रेजी विद्यालय"
      },
      "geometry": {
        "type": "Point",
        "coordinates": [
          85.2820398,
          27.672485
        ]
      },
      "id": "node/9582300218"
    },
    {
      "type": "Feature",
      "properties": {
        "@id": "node/9582440895",
        "amenity": "school",
        "name": "मार्टान्ड मोन्टेस्सोरी र बाल हेरचाह विद्यालय",
        "name:en": "Martand Montessori and child care school",
        "name:ne": "मार्टान्ड मोन्टेस्सोरी र बाल हेरचाह विद्यालय"
      },
      "geometry": {
        "type": "Point",
        "coordinates": [
          85.2843834,
          27.6699352
        ]
      },
      "id": "node/9582440895"
    },
    {
      "type": "Feature",
      "properties": {
        "@id": "node/9626214685",
        "amenity": "school",
        "name": "सनबिम मन्टेश्वरी",
        "name:en": "Sunbeam Montessori",
        "name:ne": "सनबिम मन्टेश्वरी"
      },
      "geometry": {
        "type": "Point",
        "coordinates": [
          85.2757318,
          27.6667464
        ]
      },
      "id": "node/9626214685"
    },
    {
      "type": "Feature",
      "properties": {
        "@id": "node/9626238358",
        "amenity": "prep_school",
        "name": "Edugarden Montessori school"
      },
      "geometry": {
        "type": "Point",
        "coordinates": [
          85.2809104,
          27.6692633
        ]
      },
      "id": "node/9626238358"
    },
    {
      "type": "Feature",
      "properties": {
        "@id": "node/9626257492",
        "amenity": "music_school",
        "name": "Aakha chey"
      },
      "geometry": {
        "type": "Point",
        "coordinates": [
          85.2771193,
          27.6693997
        ]
      },
      "id": "node/9626257492"
    },
    {
      "type": "Feature",
      "properties": {
        "@id": "node/9626942236",
        "addr:city": "Kathmandu",
        "addr:postcode": "44600",
        "addr:street": "Kumarithan Marga",
        "amenity": "school",
        "name": "बाला बटिका अन्तर्राष्ट्रिय विद्यालय",
        "name:en": "Bala Batika International School",
        "name:ne": "बाला बटिका अन्तर्राष्ट्रिय विद्यालय",
        "phone": "014350678"
      },
      "geometry": {
        "type": "Point",
        "coordinates": [
          85.3035211,
          27.7390412
        ]
      },
      "id": "node/9626942236"
    },
    {
      "type": "Feature",
      "properties": {
        "@id": "node/9626942237",
        "addr:city": "Kathmandu",
        "addr:postcode": "44600",
        "addr:street": "Nepaltar Bridge",
        "amenity": "school",
        "name": "राष्ट्रिय नमूना माध्यमिक विद्यालय",
        "name:en": "National model Secondary School",
        "name:ne": "राष्ट्रिय नमूना माध्यमिक विद्यालय",
        "phone": "014381731"
      },
      "geometry": {
        "type": "Point",
        "coordinates": [
          85.3036347,
          27.740617
        ]
      },
      "id": "node/9626942237"
    },
    {
      "type": "Feature",
      "properties": {
        "@id": "node/9635034578",
        "amenity": "school",
        "name": "पेरीविन्कल प्रिस्कूल एकेडेमी",
        "name:en": "Periwinkle preschool academy",
        "name:ne": "पेरीविन्कल प्रिस्कूल एकेडेमी"
      },
      "geometry": {
        "type": "Point",
        "coordinates": [
          85.2899157,
          27.6581
        ]
      },
      "id": "node/9635034578"
    },
    {
      "type": "Feature",
      "properties": {
        "@id": "node/9635056178",
        "amenity": "school",
        "name": "आधुनिक भारतीय उच्च विद्यालय",
        "name:en": "Modern Indian High School",
        "name:ne": "आधुनिक भारतीय उच्च विद्यालय"
      },
      "geometry": {
        "type": "Point",
        "coordinates": [
          85.2957631,
          27.6670156
        ]
      },
      "id": "node/9635056178"
    },
    {
      "type": "Feature",
      "properties": {
        "@id": "node/9648111915",
        "amenity": "school",
        "name": "Kirtipur M.V School"
      },
      "geometry": {
        "type": "Point",
        "coordinates": [
          85.2767425,
          27.6753473
        ]
      },
      "id": "node/9648111915"
    },
    {
      "type": "Feature",
      "properties": {
        "@id": "node/9648139363",
        "amenity": "school",
        "name": "रिभर भ्याली स्कुल",
        "name:en": "River Valley School",
        "name:ne": "रिभर भ्याली स्कुल"
      },
      "geometry": {
        "type": "Point",
        "coordinates": [
          85.2777184,
          27.6728287
        ]
      },
      "id": "node/9648139363"
    },
    {
      "type": "Feature",
      "properties": {
        "@id": "node/9648174229",
        "amenity": "school",
        "name": "टर्नर्स पाठशाला",
        "name:en": "Turners Pathshala",
        "name:ne": "टर्नर्स पाठशाला"
      },
      "geometry": {
        "type": "Point",
        "coordinates": [
          85.276145,
          27.6752851
        ]
      },
      "id": "node/9648174229"
    },
    {
      "type": "Feature",
      "properties": {
        "@id": "node/9648175468",
        "amenity": "school",
        "name": "सिम्रिक स्कुल",
        "name:en": "Shamrock Simrik Intl Pre-School",
        "name:ne": "सिम्रिक स्कुल"
      },
      "geometry": {
        "type": "Point",
        "coordinates": [
          85.2754625,
          27.6748995
        ]
      },
      "id": "node/9648175468"
    },
    {
      "type": "Feature",
      "properties": {
        "@id": "node/9648180761",
        "amenity": "school",
        "name": "गोरखनाथ माध्यमिक विद्यालय",
        "name:en": "Gorakhnath Secondary School",
        "name:ne": "गोरखनाथ माध्यमिक विद्यालय"
      },
      "geometry": {
        "type": "Point",
        "coordinates": [
          85.2785025,
          27.6754542
        ]
      },
      "id": "node/9648180761"
    },
    {
      "type": "Feature",
      "properties": {
        "@id": "node/9655436472",
        "amenity": "school",
        "name": "लिटिल बड स्कुल",
        "name:en": "Little Bud School",
        "name:ne": "लिटिल बड स्कुल"
      },
      "geometry": {
        "type": "Point",
        "coordinates": [
          85.280535,
          27.6839964
        ]
      },
      "id": "node/9655436472"
    },
    {
      "type": "Feature",
      "properties": {
        "@id": "node/9655448942",
        "amenity": "school",
        "name": "लोक आदर्श एकेडेमी",
        "name:en": "Lok Adarsha Academy",
        "name:ne": "लोक आदर्श एकेडेमी"
      },
      "geometry": {
        "type": "Point",
        "coordinates": [
          85.2802686,
          27.6862033
        ]
      },
      "id": "node/9655448942"
    },
    {
      "type": "Feature",
      "properties": {
        "@id": "node/9655503371",
        "amenity": "driving_school",
        "name": "Kirtipur driving center"
      },
      "geometry": {
        "type": "Point",
        "coordinates": [
          85.2790018,
          27.6828995
        ]
      },
      "id": "node/9655503371"
    },
    {
      "type": "Feature",
      "properties": {
        "@id": "node/9655511986",
        "amenity": "school",
        "name": "लोक आदर्श एकेडेमी",
        "name:en": "Lok Aadarsha Academy",
        "name:ne": "लोक आदर्श एकाडेमी"
      },
      "geometry": {
        "type": "Point",
        "coordinates": [
          85.2784945,
          27.6896091
        ]
      },
      "id": "node/9655511986"
    },
    {
      "type": "Feature",
      "properties": {
        "@id": "node/9657792332",
        "amenity": "music_school",
        "name": "Akha chey tanani"
      },
      "geometry": {
        "type": "Point",
        "coordinates": [
          85.2784252,
          27.6775715
        ]
      },
      "id": "node/9657792332"
    },
    {
      "type": "Feature",
      "properties": {
        "@id": "node/9662433166",
        "amenity": "school",
        "name": "केइबीएस  स्कूल",
        "name:en": "KEBS school",
        "name:ne": "केइबीएस  स्कूल"
      },
      "geometry": {
        "type": "Point",
        "coordinates": [
          85.2802017,
          27.6824168
        ]
      },
      "id": "node/9662433166"
    },
    {
      "type": "Feature",
      "properties": {
        "@id": "node/9662474445",
        "amenity": "kindergarten",
        "name": "First step pre learning school"
      },
      "geometry": {
        "type": "Point",
        "coordinates": [
          85.2803283,
          27.681983
        ]
      },
      "id": "node/9662474445"
    },
    {
      "type": "Feature",
      "properties": {
        "@id": "node/9662506368",
        "amenity": "university",
        "name": "Tribhuwan University Service Commission"
      },
      "geometry": {
        "type": "Point",
        "coordinates": [
          85.2880748,
          27.6784732
        ]
      },
      "id": "node/9662506368"
    },
    {
      "type": "Feature",
      "properties": {
        "@id": "node/9662547113",
        "amenity": "music_school",
        "name": "Taal mantra music academy"
      },
      "geometry": {
        "type": "Point",
        "coordinates": [
          85.2784018,
          27.6746792
        ]
      },
      "id": "node/9662547113"
    },
    {
      "type": "Feature",
      "properties": {
        "@id": "node/9667439817",
        "amenity": "college",
        "name": "एकेडेमी इन्टरनेशनल कलेज",
        "name:en": "Academia International College",
        "name:ne": "एकेडेमी इन्टरनेशनल कलेज"
      },
      "geometry": {
        "type": "Point",
        "coordinates": [
          85.3320806,
          27.6686171
        ]
      },
      "id": "node/9667439817"
    },
    {
      "type": "Feature",
      "properties": {
        "@id": "node/9708636508",
        "amenity": "driving_school",
        "name": "Bhaktapur Motor Driving Pvt.Ltd"
      },
      "geometry": {
        "type": "Point",
        "coordinates": [
          85.2800497,
          27.6836849
        ]
      },
      "id": "node/9708636508"
    },
    {
      "type": "Feature",
      "properties": {
        "@id": "node/9708671381",
        "amenity": "prep_school",
        "name": "Little Bud School"
      },
      "geometry": {
        "type": "Point",
        "coordinates": [
          85.2807502,
          27.6840239
        ]
      },
      "id": "node/9708671381"
    },
    {
      "type": "Feature",
      "properties": {
        "@id": "node/9708673076",
        "amenity": "prep_school",
        "name": "First Step Prelearning School"
      },
      "geometry": {
        "type": "Point",
        "coordinates": [
          85.2799651,
          27.682132
        ]
      },
      "id": "node/9708673076"
    },
    {
      "type": "Feature",
      "properties": {
        "@id": "node/9708690737",
        "amenity": "prep_school",
        "name": "Hide And Seek Kindergarten"
      },
      "geometry": {
        "type": "Point",
        "coordinates": [
          85.2814105,
          27.6861623
        ]
      },
      "id": "node/9708690737"
    },
    {
      "type": "Feature",
      "properties": {
        "@id": "node/9708697774",
        "amenity": "school",
        "name": "लोक आदर्श एकेडेमी",
        "name:en": "Lok Adarsha Academy",
        "name:ne": "लोक आदर्श एकेडेमी"
      },
      "geometry": {
        "type": "Point",
        "coordinates": [
          85.2802481,
          27.6859475
        ]
      },
      "id": "node/9708697774"
    },
    {
      "type": "Feature",
      "properties": {
        "@id": "node/9708711979",
        "amenity": "school",
        "name": "CC Academy"
      },
      "geometry": {
        "type": "Point",
        "coordinates": [
          85.2755442,
          27.6858023
        ]
      },
      "id": "node/9708711979"
    },
    {
      "type": "Feature",
      "properties": {
        "@id": "node/9708720320",
        "amenity": "driving_school",
        "name": "Lama Driving Trading Centre"
      },
      "geometry": {
        "type": "Point",
        "coordinates": [
          85.2761108,
          27.6859834
        ]
      },
      "id": "node/9708720320"
    },
    {
      "type": "Feature",
      "properties": {
        "@id": "node/9708735263",
        "amenity": "school",
        "name": "ल्यान्डमार्क इन्टरनेशनल स्कूल",
        "name:en": "Landmark International School",
        "name:ne": "ल्यान्डमार्क इन्टरनेशनल स्कूल"
      },
      "geometry": {
        "type": "Point",
        "coordinates": [
          85.2771961,
          27.6872142
        ]
      },
      "id": "node/9708735263"
    },
    {
      "type": "Feature",
      "properties": {
        "@id": "node/9794214372",
        "amenity": "school",
        "name": "नागार्जुन भ्याली स्कुल",
        "name:en": "Nagarjun Valley School",
        "name:ne": "नागार्जुन भ्याली स्कुल"
      },
      "geometry": {
        "type": "Point",
        "coordinates": [
          85.2867508,
          27.7330818
        ]
      },
      "id": "node/9794214372"
    },
    {
      "type": "Feature",
      "properties": {
        "@id": "node/9794214373",
        "amenity": "school",
        "name": "स्टानडर्ड उच्च विद्यालय",
        "name:en": "Standard Co Ed High School",
        "name:ne": "स्टानडर्ड उच्च विद्यालय"
      },
      "geometry": {
        "type": "Point",
        "coordinates": [
          85.2760315,
          27.6988411
        ]
      },
      "id": "node/9794214373"
    },
    {
      "type": "Feature",
      "properties": {
        "@id": "node/9794214374",
        "amenity": "school",
        "name": "रेडियन्ट माध्यामिक विद्यालय",
        "name:en": "Radiant Secondary School",
        "name:ne": "रेडियन्ट माध्यामिक विद्यालय"
      },
      "geometry": {
        "type": "Point",
        "coordinates": [
          85.275555,
          27.7015952
        ]
      },
      "id": "node/9794214374"
    },
    {
      "type": "Feature",
      "properties": {
        "@id": "node/9794214377",
        "amenity": "school",
        "name": "प्याराडाइज इङ्गलिस आवासिय स्कुल",
        "name:en": "Paradise English Boarding School",
        "name:ne": "प्याराडाइज इङ्गलिस आवासिय स्कुल"
      },
      "geometry": {
        "type": "Point",
        "coordinates": [
          85.2893625,
          27.7341972
        ]
      },
      "id": "node/9794214377"
    },
    {
      "type": "Feature",
      "properties": {
        "@id": "node/9794214378",
        "amenity": "school",
        "name": "सभ्यता पाठशाला",
        "name:en": "Sabhyata Pathshala",
        "name:ne": "सभ्यता पाठशाला"
      },
      "geometry": {
        "type": "Point",
        "coordinates": [
          85.2837067,
          27.7339458
        ]
      },
      "id": "node/9794214378"
    },
    {
      "type": "Feature",
      "properties": {
        "@id": "node/9794214379",
        "amenity": "school",
        "name": "चेतना सदन माध्यामिक विद्यालय",
        "name:en": "Chetana Sadan Secondary School",
        "name:ne": "चेतना सदन माध्यामिक विद्यालय"
      },
      "geometry": {
        "type": "Point",
        "coordinates": [
          85.2878113,
          27.7288399
        ]
      },
      "id": "node/9794214379"
    },
    {
      "type": "Feature",
      "properties": {
        "@id": "node/9794214380",
        "amenity": "school",
        "name": "विश्व दृष्टि विद्वान एकेडेमी",
        "name:en": "World Vision Scholars Academy",
        "name:ne": "विश्व दृष्टि विद्वान एकेडेमी"
      },
      "geometry": {
        "type": "Point",
        "coordinates": [
          85.2871933,
          27.7275715
        ]
      },
      "id": "node/9794214380"
    },
    {
      "type": "Feature",
      "properties": {
        "@id": "node/9794214381",
        "amenity": "school",
        "name": "स्वातिश्री गुरुकुल विद्यालय",
        "name:en": "Swotishree Gurukul School ",
        "name:ne": "स्वातिश्री गुरुकुल विद्यालय"
      },
      "geometry": {
        "type": "Point",
        "coordinates": [
          85.2849121,
          27.7247105
        ]
      },
      "id": "node/9794214381"
    },
    {
      "type": "Feature",
      "properties": {
        "@id": "node/9794214382",
        "amenity": "school",
        "name": "एन्जल्स होम एकेडेमी",
        "name:en": "Angels Home Academy",
        "name:ne": "एन्जल्स होम एकेडेमी"
      },
      "geometry": {
        "type": "Point",
        "coordinates": [
          85.2799036,
          27.7004948
        ]
      },
      "id": "node/9794214382"
    },
    {
      "type": "Feature",
      "properties": {
        "@id": "node/9794214383",
        "amenity": "school",
        "name": "टाइम्स प्राथमिक विद्यालय",
        "name:en": "Times Elementary School",
        "name:ne": "टाइम्स प्राथमिक विद्यालय"
      },
      "geometry": {
        "type": "Point",
        "coordinates": [
          85.2799072,
          27.7075329
        ]
      },
      "id": "node/9794214383"
    },
    {
      "type": "Feature",
      "properties": {
        "@id": "node/9799097991",
        "addr:city": "Lalitpur",
        "addr:street": "Sanepa",
        "amenity": "college",
        "name": "Sagarmatha College of Science and Techonology",
        "website": "https://www.sagarmatha.edu.np"
      },
      "geometry": {
        "type": "Point",
        "coordinates": [
          85.3026642,
          27.6882565
        ]
      },
      "id": "node/9799097991"
    },
    {
      "type": "Feature",
      "properties": {
        "@id": "node/9805243432",
        "amenity": "college",
        "name": "Nagarjuna College of Information Technology",
        "website": "https://nagarjunacollege.edu.np/"
      },
      "geometry": {
        "type": "Point",
        "coordinates": [
          85.3299277,
          27.6797836
        ]
      },
      "id": "node/9805243432"
    },
    {
      "type": "Feature",
      "properties": {
        "@id": "node/9818817146",
        "amenity": "college",
        "name": "school of geomatics",
        "opening_hours": "Mo-Su 09:00-21:00",
        "wheelchair": "no"
      },
      "geometry": {
        "type": "Point",
        "coordinates": [
          85.3426874,
          27.6976452
        ]
      },
      "id": "node/9818817146"
    },
    {
      "type": "Feature",
      "properties": {
        "@id": "node/9885238391",
        "amenity": "music_school",
        "name": "Shri Kirateshwar Sangeetashram"
      },
      "geometry": {
        "type": "Point",
        "coordinates": [
          85.3495812,
          27.7130212
        ]
      },
      "id": "node/9885238391"
    },
    {
      "type": "Feature",
      "properties": {
        "@id": "node/9891284618",
        "amenity": "school",
        "name": "नयाँ ईरा एकेडेमी",
        "name:en": "New Era Academy",
        "name:ne": "नयाँ ईरा एकेडेमी"
      },
      "geometry": {
        "type": "Point",
        "coordinates": [
          85.3054295,
          27.742734
        ]
      },
      "id": "node/9891284618"
    },
    {
      "type": "Feature",
      "properties": {
        "@id": "node/9899604099",
        "amenity": "school",
        "name": "मञ्जुश्री अंग्रेजी बोर्डिङ स्कुल",
        "name:en": "Manjushree English Boarding School",
        "name:ne": "मञ्जुश्री अंग्रेजी बोर्डिङ स्कुल"
      },
      "geometry": {
        "type": "Point",
        "coordinates": [
          85.308046,
          27.6751618
        ]
      },
      "id": "node/9899604099"
    },
    {
      "type": "Feature",
      "properties": {
        "@id": "node/9899619785",
        "amenity": "school",
        "name": "Highland Park Montessori International Preschool"
      },
      "geometry": {
        "type": "Point",
        "coordinates": [
          85.3100502,
          27.6793394
        ]
      },
      "id": "node/9899619785"
    },
    {
      "type": "Feature",
      "properties": {
        "@id": "node/9913978536",
        "amenity": "college",
        "name": "एभरेस्ट इन्जिनियरिङ कलेज",
        "name:en": "Everest Engineering College",
        "name:ne": "एभरेस्ट इन्जिनियरिङ कलेज"
      },
      "geometry": {
        "type": "Point",
        "coordinates": [
          85.3066184,
          27.6835649
        ]
      },
      "id": "node/9913978536"
    },
    {
      "type": "Feature",
      "properties": {
        "@id": "node/9916636701",
        "amenity": "music_school",
        "name": "माधवि संगित पाठशाला",
        "name:en": "Madhvee Music School",
        "name:ne": "माधवि संगित पाठशाला",
        "phone": "9843333921"
      },
      "geometry": {
        "type": "Point",
        "coordinates": [
          85.3229072,
          27.7051682
        ]
      },
      "id": "node/9916636701"
    },
    {
      "type": "Feature",
      "properties": {
        "@id": "node/9916683278",
        "amenity": "college",
        "name": "दिव्या ज्ञान कलेज",
        "name:en": "Divya Gyan College",
        "name:ne": "दिव्या ज्ञान कलेज"
      },
      "geometry": {
        "type": "Point",
        "coordinates": [
          85.3220286,
          27.707701
        ]
      },
      "id": "node/9916683278"
    },
    {
      "type": "Feature",
      "properties": {
        "@id": "node/9916683279",
        "amenity": "college",
        "name": "APU (Asia pacific university of technology & innovation )"
      },
      "geometry": {
        "type": "Point",
        "coordinates": [
          85.3219351,
          27.7077805
        ]
      },
      "id": "node/9916683279"
    },
    {
      "type": "Feature",
      "properties": {
        "@id": "node/9916683303",
        "amenity": "school",
        "email": "contact@gardenofbuds.org",
        "mobile": "9818622622",
        "name": "गार्डन अफ बड्स प्रि स्कूल",
        "name:en": "Garden Of Buds Pre School",
        "name:ne": "गार्डन अफ बड्स प्रि स्कूल",
        "phone": "014371208,014371186",
        "website": "https://www.gardenofbuds.org/"
      },
      "geometry": {
        "type": "Point",
        "coordinates": [
          85.3225908,
          27.7070513
        ]
      },
      "id": "node/9916683303"
    },
    {
      "type": "Feature",
      "properties": {
        "@id": "node/9916725530",
        "amenity": "driving_school",
        "name": "बिन्दाबासिनी ड्राइभिङ एण्ड वाशिंग सेन्टर",
        "name:en": "Bindabasini Driving and Washing Center",
        "name:ne": "बिन्दाबासिनी ड्राइभिङ एण्ड वाशिंग सेन्टर"
      },
      "geometry": {
        "type": "Point",
        "coordinates": [
          85.3217677,
          27.6995975
        ]
      },
      "id": "node/9916725530"
    },
    {
      "type": "Feature",
      "properties": {
        "@id": "node/9916725531",
        "amenity": "college",
        "name": "हिमालय ह्वाइट हाउस इन्टरनेशनल कलेज",
        "name:en": "Himalayan White House International College",
        "name:ne": "हिमालय ह्वाइट हाउस इन्टरनेशनल कलेज"
      },
      "geometry": {
        "type": "Point",
        "coordinates": [
          85.3217551,
          27.6995798
        ]
      },
      "id": "node/9916725531"
    },
    {
      "type": "Feature",
      "properties": {
        "@id": "node/9916725534",
        "amenity": "driving_school",
        "name": "मुलखर्क भीमसेन ड्राइभिङ सेन्टर",
        "name:en": "Mulkharka Bhimsen Driving Center",
        "name:ne": "मुलखर्क भीमसेन ड्राइभिङ सेन्टर"
      },
      "geometry": {
        "type": "Point",
        "coordinates": [
          85.3215944,
          27.6989
        ]
      },
      "id": "node/9916725534"
    },
    {
      "type": "Feature",
      "properties": {
        "@id": "node/9926053068",
        "amenity": "language_school",
        "name": "नूर अरबी भाषा केन्द्र",
        "name:en": "Noor Arabic Language Center",
        "name:ne": "नूर अरबी भाषा केन्द्र"
      },
      "geometry": {
        "type": "Point",
        "coordinates": [
          85.3169766,
          27.7081959
        ]
      },
      "id": "node/9926053068"
    },
    {
      "type": "Feature",
      "properties": {
        "@id": "node/9926729641",
        "amenity": "college",
        "name": "एभरेस्ट कलेज",
        "name:en": "Everest College",
        "name:ne": "एभरेस्ट कलेज"
      },
      "geometry": {
        "type": "Point",
        "coordinates": [
          85.3180979,
          27.692235
        ]
      },
      "id": "node/9926729641"
    },
    {
      "type": "Feature",
      "properties": {
        "@id": "node/9927091118",
        "amenity": "school",
        "name": "जेभियर अन्तर्राष्ट्रिय विद्यालय",
        "name:en": "Xavier International School",
        "name:ne": "जेभियर अन्तर्राष्ट्रिय विद्यालय"
      },
      "geometry": {
        "type": "Point",
        "coordinates": [
          85.3500671,
          27.7166254
        ]
      },
      "id": "node/9927091118"
    },
    {
      "type": "Feature",
      "properties": {
        "@id": "node/9933907120",
        "amenity": "kindergarten",
        "name": "Aarogya Pre-school"
      },
      "geometry": {
        "type": "Point",
        "coordinates": [
          85.3532842,
          27.7162501
        ]
      },
      "id": "node/9933907120"
    },
    {
      "type": "Feature",
      "properties": {
        "@id": "node/9938706261",
        "amenity": "kindergarten",
        "name": "Kathmandu Waldorf Kindergarten"
      },
      "geometry": {
        "type": "Point",
        "coordinates": [
          85.3083196,
          27.6875919
        ]
      },
      "id": "node/9938706261"
    },
    {
      "type": "Feature",
      "properties": {
        "@id": "node/9942208917",
        "amenity": "kindergarten",
        "name": "Kids Day Care Center"
      },
      "geometry": {
        "type": "Point",
        "coordinates": [
          85.3274991,
          27.6728865
        ]
      },
      "id": "node/9942208917"
    },
    {
      "type": "Feature",
      "properties": {
        "@id": "node/9942243721",
        "amenity": "school",
        "name": "होराइजन अंग्रेजी बिद्यालय",
        "name:en": "Horizon English School",
        "name:ne": "होराइजन अंग्रेजी बिद्यालय"
      },
      "geometry": {
        "type": "Point",
        "coordinates": [
          85.3219373,
          27.6750158
        ]
      },
      "id": "node/9942243721"
    },
    {
      "type": "Feature",
      "properties": {
        "@id": "node/9942249019",
        "addr:street": "Lagankhel",
        "amenity": "school",
        "name": "सिद्धार्थ थङ्का चित्रकला विद्यालय",
        "name:en": "Siddhartha Thanka painting School",
        "name:ne": "सिद्धार्थ थङ्का चित्रकला विद्यालय",
        "student:count": "35"
      },
      "geometry": {
        "type": "Point",
        "coordinates": [
          85.3247772,
          27.6749954
        ]
      },
      "id": "node/9942249019"
    },
    {
      "type": "Feature",
      "properties": {
        "@id": "node/9942249120",
        "addr:street": "Nhulaan",
        "amenity": "school",
        "name": "कुम्भेश्वर प्राविधिक विद्यालय",
        "name:en": "Kumbheshwor technical school",
        "name:ne": "कुम्भेश्वर प्राविधिक विद्यालय"
      },
      "geometry": {
        "type": "Point",
        "coordinates": [
          85.3261301,
          27.6768451
        ]
      },
      "id": "node/9942249120"
    },
    {
      "type": "Feature",
      "properties": {
        "@id": "node/9942584718",
        "amenity": "school",
        "name": "सिद्धार्थ थङ्का चित्रकला विद्यालय",
        "name:en": "Siddhartha Thanka Painting School",
        "name:ne": "सिद्धार्थ थङ्का चित्रकला विद्यालय",
        "student:count": "35"
      },
      "geometry": {
        "type": "Point",
        "coordinates": [
          85.3247915,
          27.6749931
        ]
      },
      "id": "node/9942584718"
    },
    {
      "type": "Feature",
      "properties": {
        "@id": "node/9944168432",
        "amenity": "school",
        "name": "सुगता बौद्ध महाबिद्यालय",
        "name:en": "Sugata Buddhist Mahabidhyalaya",
        "name:ne": "सुगता बौद्ध महाबिद्यालय",
        "student:count": "35"
      },
      "geometry": {
        "type": "Point",
        "coordinates": [
          85.3243504,
          27.6712739
        ]
      },
      "id": "node/9944168432"
    },
    {
      "type": "Feature",
      "properties": {
        "@id": "node/9944730529",
        "amenity": "college",
        "name": "आतिथ्य विश्व क्याम्पस",
        "name:en": "Hospitality World Campus",
        "name:ne": "आतिथ्य विश्व क्याम्पस"
      },
      "geometry": {
        "type": "Point",
        "coordinates": [
          85.3077288,
          27.6718048
        ]
      },
      "id": "node/9944730529"
    },
    {
      "type": "Feature",
      "properties": {
        "@id": "node/9956153336",
        "amenity": "school",
        "name": "सहारा राष्ट्रिय विद्यालय",
        "name:en": "Sahara Rastriya Vidhyalaya",
        "name:ne": "सहारा राष्ट्रिय विद्यालय",
        "phone": "016639050"
      },
      "geometry": {
        "type": "Point",
        "coordinates": [
          85.3627946,
          27.6748962
        ]
      },
      "id": "node/9956153336"
    },
    {
      "type": "Feature",
      "properties": {
        "@id": "node/9956153347",
        "amenity": "college",
        "email": "info@sambriddhicollege.edu.np",
        "name": "Sambriddhi College",
        "phone": "6636700,6636322",
        "website": "www.sambriddhicollege.edu.np"
      },
      "geometry": {
        "type": "Point",
        "coordinates": [
          85.3608361,
          27.6750176
        ]
      },
      "id": "node/9956153347"
    },
    {
      "type": "Feature",
      "properties": {
        "@id": "node/9956153366",
        "amenity": "school",
        "email": "vision.montessori79@gmail.com",
        "mobile": "9843500886,9843495148",
        "name": "भिजन मन्टेश्वरी स्कुल",
        "name:en": "Vision Montessori School",
        "name:ne": "भिजन मन्टेश्वरी स्कुल"
      },
      "geometry": {
        "type": "Point",
        "coordinates": [
          85.3589873,
          27.6751513
        ]
      },
      "id": "node/9956153366"
    },
    {
      "type": "Feature",
      "properties": {
        "@id": "node/9956153368",
        "amenity": "college",
        "name": "Koteshwor Multiple Campus"
      },
      "geometry": {
        "type": "Point",
        "coordinates": [
          85.3546696,
          27.6757173
        ]
      },
      "id": "node/9956153368"
    },
    {
      "type": "Feature",
      "properties": {
        "@id": "node/9956485577",
        "amenity": "college",
        "name": "Kathmandu College Of Technology",
        "phone": "016638497",
        "website": "https://www.kct.edu.np/"
      },
      "geometry": {
        "type": "Point",
        "coordinates": [
          85.3621306,
          27.6744137
        ]
      },
      "id": "node/9956485577"
    },
    {
      "type": "Feature",
      "properties": {
        "@id": "node/9956485593",
        "amenity": "dance_school",
        "name": "NyFam Dance and Fitness Studio"
      },
      "geometry": {
        "type": "Point",
        "coordinates": [
          85.3605478,
          27.6745171
        ]
      },
      "id": "node/9956485593"
    },
    {
      "type": "Feature",
      "properties": {
        "@id": "node/9956485594",
        "amenity": "college",
        "name": "IEC School Of Art and Fashion",
        "phone": "016639727"
      },
      "geometry": {
        "type": "Point",
        "coordinates": [
          85.3604981,
          27.6745224
        ]
      },
      "id": "node/9956485594"
    },
    {
      "type": "Feature",
      "properties": {
        "@id": "node/9956485598",
        "amenity": "dance_school",
        "name": "Prisansaa"
      },
      "geometry": {
        "type": "Point",
        "coordinates": [
          85.3603684,
          27.6744846
        ]
      },
      "id": "node/9956485598"
    },
    {
      "type": "Feature",
      "properties": {
        "@id": "node/9956485686",
        "amenity": "dance_school",
        "name": "झङ्कार कला केन्द्र",
        "name:en": "Jhankar Art Centre",
        "name:ne": "झाङ्कर कला केन्द्र",
        "phone": "9860124852"
      },
      "geometry": {
        "type": "Point",
        "coordinates": [
          85.3512437,
          27.6752425
        ]
      },
      "id": "node/9956485686"
    },
    {
      "type": "Feature",
      "properties": {
        "@id": "node/9958455122",
        "alt_name": "Veda World School",
        "amenity": "kindergarten",
        "email": "subanakarki@yahoo.com",
        "name": "किन्डरपिलर प्रि-स्कूल",
        "name:en": "Kinderpillar Pre-School",
        "name:ne": "किन्डरपिलर प्रि-स्कूल",
        "phone": "01-5422009",
        "website": "www.kindepillar.com"
      },
      "geometry": {
        "type": "Point",
        "coordinates": [
          85.3119653,
          27.6838582
        ]
      },
      "id": "node/9958455122"
    },
    {
      "type": "Feature",
      "properties": {
        "@id": "node/9967127073",
        "amenity": "college",
        "email": "newvisionacademy2019@gmail.com",
        "name": "न्यू भिजन एकेडेमी",
        "name:en": "New Vision Academy",
        "name:ne": "न्यू भिजन एकेडेमी",
        "phone": "015147325",
        "website": "www.visionacademy.edu.np"
      },
      "geometry": {
        "type": "Point",
        "coordinates": [
          85.3433359,
          27.6750633
        ]
      },
      "id": "node/9967127073"
    },
    {
      "type": "Feature",
      "properties": {
        "@id": "node/9969194346",
        "amenity": "school",
        "name": "स्मृति बहुप्राविधिक शिक्षालय",
        "name:en": "Smriti Multidisciplinary School",
        "name:ne": "स्मृति प्राध्यापक शिक्षा"
      },
      "geometry": {
        "type": "Point",
        "coordinates": [
          85.3497323,
          27.6685844
        ]
      },
      "id": "node/9969194346"
    },
    {
      "type": "Feature",
      "properties": {
        "@id": "node/9969194347",
        "amenity": "school",
        "name": "फेयरी ल्याण्ड मन्टेश्वरी",
        "name:en": "Fairy Land Montessori",
        "name:ne": "फेयरी ल्याण्ड मन्टेश्वरी"
      },
      "geometry": {
        "type": "Point",
        "coordinates": [
          85.3505362,
          27.6685298
        ]
      },
      "id": "node/9969194347"
    },
    {
      "type": "Feature",
      "properties": {
        "@id": "node/9969339016",
        "amenity": "driving_school",
        "name": "डोजर अपरेटर ट्रानिङ सेन्टर",
        "name:en": "Doser Operator Traning Center",
        "name:ne": "डोजर अपरेटर ट्रानिङ सेन्टर"
      },
      "geometry": {
        "type": "Point",
        "coordinates": [
          85.3487733,
          27.6779596
        ]
      },
      "id": "node/9969339016"
    },
    {
      "type": "Feature",
      "properties": {
        "@id": "node/9969484872",
        "amenity": "dancing_school",
        "mobile": "9841925993,9841583193",
        "name": "रिगल नृत्य तथा प्रशिक्षण केन्द्र",
        "name:en": "Rigal Dance And Training Center",
        "name:ne": "रिगल नृत्य तथा प्रशिक्षण केन्द्र"
      },
      "geometry": {
        "type": "Point",
        "coordinates": [
          85.3185853,
          27.7033293
        ]
      },
      "id": "node/9969484872"
    },
    {
      "type": "Feature",
      "properties": {
        "@id": "node/9974264456",
        "amenity": "school",
        "name": "कोविदा किड्स",
        "name:en": "Kovida Kids",
        "name:ne": "कोविदा किड्स",
        "phone": "015182199"
      },
      "geometry": {
        "type": "Point",
        "coordinates": [
          85.3574806,
          27.6720593
        ]
      },
      "id": "node/9974264456"
    },
    {
      "type": "Feature",
      "properties": {
        "@id": "node/9983502717",
        "amenity": "college",
        "name": "वी. एस. कलेज",
        "name:en": "V. S. College",
        "name:ne": "वी. एस. कलेज"
      },
      "geometry": {
        "type": "Point",
        "coordinates": [
          85.3475981,
          27.7183793
        ]
      },
      "id": "node/9983502717"
    },
    {
      "type": "Feature",
      "properties": {
        "@id": "node/10004776904",
        "amenity": "driving_school",
        "mobile": "9851081058,9841032058",
        "name": "शाह मोटर ड्राइभिङ सेन्टर",
        "name:en": "Shah Motor Driving Center",
        "name:ne": "शाह मोटर ड्राइभिङ सेन्टर"
      },
      "geometry": {
        "type": "Point",
        "coordinates": [
          85.3527942,
          27.6711639
        ]
      },
      "id": "node/10004776904"
    },
    {
      "type": "Feature",
      "properties": {
        "@id": "node/10005438012",
        "amenity": "school",
        "email": "info@adhyayan.edu.np",
        "name": "अध्यायन विद्यालय",
        "name:en": "Adhyayan School",
        "name:ne": "अध्याय विद्यालय",
        "phone": "+977 9823596841",
        "website": "https://www.adhyayan.edu.np"
      },
      "geometry": {
        "type": "Point",
        "coordinates": [
          85.3192668,
          27.7366926
        ]
      },
      "id": "node/10005438012"
    },
    {
      "type": "Feature",
      "properties": {
        "@id": "node/10005482993",
        "amenity": "school",
        "name": "ज्ञान संस्कार अन्तर्राष्ट्रिय विद्यालय",
        "name:en": "Gyan Sanskar International School",
        "name:ne": "ज्ञान संस्कार अन्तर्राष्ट्रिय विद्यालय"
      },
      "geometry": {
        "type": "Point",
        "coordinates": [
          85.3178763,
          27.7359714
        ]
      },
      "id": "node/10005482993"
    },
    {
      "type": "Feature",
      "properties": {
        "@id": "node/10005502124",
        "amenity": "language_school",
        "language:ko": "yes",
        "level": "1",
        "name": "वूरी कन्सल्टेन्सी",
        "name:en": "Woori Consultancy",
        "name:ne": "वूरी कन्सल्टेन्सी",
        "phone": "01-4951709"
      },
      "geometry": {
        "type": "Point",
        "coordinates": [
          85.3190531,
          27.7362598
        ]
      },
      "id": "node/10005502124"
    },
    {
      "type": "Feature",
      "properties": {
        "@id": "node/10006354401",
        "amenity": "school",
        "email": "kingdommhbs@gmail.com",
        "name": "किंगडम हिमालय माध्यमिक आवसीय विद्यालय",
        "name:en": "Kingdom Himalayan Secondary Boarding School",
        "name:ne": "किंगडम हिमालय माध्यमिक आवसीय विद्यालय",
        "phone": "+977 9860332367 , 01-4382944 , +977 9860332368",
        "website": "https://www.kingdomhimalayanschool.com/"
      },
      "geometry": {
        "type": "Point",
        "coordinates": [
          85.3234856,
          27.7385098
        ]
      },
      "id": "node/10006354401"
    },
    {
      "type": "Feature",
      "properties": {
        "@id": "node/10007209395",
        "addr:city": "Tokha-14,Gangabu,kathmandu",
        "amenity": "college",
        "internet_access": "wlan",
        "name": "Shree Manohar secondary school"
      },
      "geometry": {
        "type": "Point",
        "coordinates": [
          85.3192481,
          27.7378983
        ]
      },
      "id": "node/10007209395"
    },
    {
      "type": "Feature",
      "properties": {
        "@id": "node/10009080554",
        "amenity": "college",
        "name": "Amity Global Education (Lord Budhha College)",
        "phone": "014354462, 014363839, 014363228"
      },
      "geometry": {
        "type": "Point",
        "coordinates": [
          85.3200916,
          27.7433452
        ]
      },
      "id": "node/10009080554"
    },
    {
      "type": "Feature",
      "properties": {
        "@id": "node/10009080577",
        "amenity": "college",
        "fax": "01-4362018",
        "name": "Kantipur College",
        "phone": "01-4361809",
        "website": "www.kcts.edu.np"
      },
      "geometry": {
        "type": "Point",
        "coordinates": [
          85.3221806,
          27.7431429
        ]
      },
      "id": "node/10009080577"
    },
    {
      "type": "Feature",
      "properties": {
        "@id": "node/10010983357",
        "amenity": "college",
        "name": "Southwestern Business College",
        "phone": "01-4381005"
      },
      "geometry": {
        "type": "Point",
        "coordinates": [
          85.3231709,
          27.739906
        ]
      },
      "id": "node/10010983357"
    },
    {
      "type": "Feature",
      "properties": {
        "@id": "node/10011219640",
        "amenity": "college",
        "name": "BST College"
      },
      "geometry": {
        "type": "Point",
        "coordinates": [
          85.3079972,
          27.7364241
        ]
      },
      "id": "node/10011219640"
    },
    {
      "type": "Feature",
      "properties": {
        "@id": "node/10011219642",
        "amenity": "school",
        "name": "बिष्णुमती आवासिय माध्यमिक विद्यालय",
        "name:en": "Bishnumati Awasiya Secondary School",
        "name:ne": "बिष्णुमती आवासिय माध्यमिक विद्यालय",
        "phone": "01-4954704, 4989784"
      },
      "geometry": {
        "type": "Point",
        "coordinates": [
          85.3083708,
          27.7360893
        ]
      },
      "id": "node/10011219642"
    },
    {
      "type": "Feature",
      "properties": {
        "@id": "node/10011817573",
        "amenity": "school"
      },
      "geometry": {
        "type": "Point",
        "coordinates": [
          85.3330218,
          27.7455721
        ]
      },
      "id": "node/10011817573"
    },
    {
      "type": "Feature",
      "properties": {
        "@id": "node/10011926520",
        "amenity": "driving_school",
        "name": "Mahalaxmi Motor Driving Training Center",
        "phone": "9856082035"
      },
      "geometry": {
        "type": "Point",
        "coordinates": [
          85.3291864,
          27.7423431
        ]
      },
      "id": "node/10011926520"
    },
    {
      "type": "Feature",
      "properties": {
        "@id": "node/10013692746",
        "amenity": "college",
        "name": "Supreme College",
        "phone": "01-4954418"
      },
      "geometry": {
        "type": "Point",
        "coordinates": [
          85.3169493,
          27.7380556
        ]
      },
      "id": "node/10013692746"
    },
    {
      "type": "Feature",
      "properties": {
        "@id": "node/10013692750",
        "amenity": "college",
        "name": "Navjewan School and college",
        "phone": "01-4980711"
      },
      "geometry": {
        "type": "Point",
        "coordinates": [
          85.3169981,
          27.7378539
        ]
      },
      "id": "node/10013692750"
    },
    {
      "type": "Feature",
      "properties": {
        "@id": "node/10013827828",
        "amenity": "language_school",
        "name": "Sewa Education Foundation"
      },
      "geometry": {
        "type": "Point",
        "coordinates": [
          85.3156391,
          27.742907
        ]
      },
      "id": "node/10013827828"
    },
    {
      "type": "Feature",
      "properties": {
        "@id": "node/10014993362",
        "amenity": "kindergarten",
        "name": "We Kidz"
      },
      "geometry": {
        "type": "Point",
        "coordinates": [
          85.3195736,
          27.7416103
        ]
      },
      "id": "node/10014993362"
    },
    {
      "type": "Feature",
      "properties": {
        "@id": "node/10015111964",
        "amenity": "college",
        "name": "Supreme School and college",
        "phone": "01-4964579"
      },
      "geometry": {
        "type": "Point",
        "coordinates": [
          85.317698,
          27.7385906
        ]
      },
      "id": "node/10015111964"
    },
    {
      "type": "Feature",
      "properties": {
        "@id": "node/10015144343",
        "amenity": "driving_school",
        "name": "ABC Driving Center",
        "phone": "01-5906798"
      },
      "geometry": {
        "type": "Point",
        "coordinates": [
          85.317082,
          27.738254
        ]
      },
      "id": "node/10015144343"
    },
    {
      "type": "Feature",
      "properties": {
        "@id": "node/10015268734",
        "amenity": "kindergarten",
        "name": "HAPPY HOME PRE SCHOOL"
      },
      "geometry": {
        "type": "Point",
        "coordinates": [
          85.3140625,
          27.7400153
        ]
      },
      "id": "node/10015268734"
    },
    {
      "type": "Feature",
      "properties": {
        "@id": "node/10017182671",
        "amenity": "prep_school",
        "level": "1",
        "name": "J.P Computer and Tution Center"
      },
      "geometry": {
        "type": "Point",
        "coordinates": [
          85.3177393,
          27.7451581
        ]
      },
      "id": "node/10017182671"
    },
    {
      "type": "Feature",
      "properties": {
        "@id": "node/10017182674",
        "amenity": "school",
        "name": "फ्लोरेसेंट माध्यमिक विद्यालय",
        "name:en": "Fluorescent Secondary School",
        "name:ne": "फ्लोरेसेंट माध्यमिक विद्यालय"
      },
      "geometry": {
        "type": "Point",
        "coordinates": [
          85.3179184,
          27.7451992
        ]
      },
      "id": "node/10017182674"
    },
    {
      "type": "Feature",
      "properties": {
        "@id": "node/10017245698",
        "amenity": "school",
        "name": "थर्ड आँखा एकेडेमी",
        "name:en": "Third Eye Academy",
        "name:ne": "थर्ड आँखा एकेडेमी"
      },
      "geometry": {
        "type": "Point",
        "coordinates": [
          85.3154553,
          27.7396149
        ]
      },
      "id": "node/10017245698"
    },
    {
      "type": "Feature",
      "properties": {
        "@id": "node/10017252930",
        "amenity": "driving_school",
        "name": "Rimal Driving Center Pvt. Ltd."
      },
      "geometry": {
        "type": "Point",
        "coordinates": [
          85.311441,
          27.7399651
        ]
      },
      "id": "node/10017252930"
    },
    {
      "type": "Feature",
      "properties": {
        "@id": "node/10017252934",
        "amenity": "school"
      },
      "geometry": {
        "type": "Point",
        "coordinates": [
          85.3118275,
          27.7403792
        ]
      },
      "id": "node/10017252934"
    },
    {
      "type": "Feature",
      "properties": {
        "@id": "node/10017252939",
        "amenity": "college",
        "name": "Navodit College"
      },
      "geometry": {
        "type": "Point",
        "coordinates": [
          85.3138001,
          27.7421825
        ]
      },
      "id": "node/10017252939"
    },
    {
      "type": "Feature",
      "properties": {
        "@id": "node/10017278901",
        "amenity": "language_school",
        "name": "Korean Lanhuage"
      },
      "geometry": {
        "type": "Point",
        "coordinates": [
          85.3307419,
          27.7418552
        ]
      },
      "id": "node/10017278901"
    },
    {
      "type": "Feature",
      "properties": {
        "@id": "node/10017309990",
        "amenity": "kindergarten",
        "name": "Angel's World Montessori"
      },
      "geometry": {
        "type": "Point",
        "coordinates": [
          85.3160377,
          27.7429473
        ]
      },
      "id": "node/10017309990"
    },
    {
      "type": "Feature",
      "properties": {
        "@id": "node/10017313466",
        "amenity": "language_school",
        "name": "Kathmandu valley Education Center"
      },
      "geometry": {
        "type": "Point",
        "coordinates": [
          85.3309413,
          27.7419732
        ]
      },
      "id": "node/10017313466"
    },
    {
      "type": "Feature",
      "properties": {
        "@id": "node/10017342627",
        "amenity": "language_school"
      },
      "geometry": {
        "type": "Point",
        "coordinates": [
          85.3334864,
          27.7422278
        ]
      },
      "id": "node/10017342627"
    },
    {
      "type": "Feature",
      "properties": {
        "@id": "node/10017464378",
        "amenity": "music_school",
        "name": "981351578"
      },
      "geometry": {
        "type": "Point",
        "coordinates": [
          85.3316371,
          27.7454142
        ]
      },
      "id": "node/10017464378"
    },
    {
      "type": "Feature",
      "properties": {
        "@id": "node/10018318394",
        "amenity": "college",
        "name": "XAVIER INTERNATIONAL SCHOOL/COLLEGE"
      },
      "geometry": {
        "type": "Point",
        "coordinates": [
          85.3587484,
          27.7203631
        ]
      },
      "id": "node/10018318394"
    },
    {
      "type": "Feature",
      "properties": {
        "@id": "node/10024794513",
        "amenity": "driving_school",
        "mobile": "9840337143,9809696045,9860118943",
        "name": "Tarkeshowr Motor Center Driving Pvt.Ltd"
      },
      "geometry": {
        "type": "Point",
        "coordinates": [
          85.3437858,
          27.6829933
        ]
      },
      "id": "node/10024794513"
    },
    {
      "type": "Feature",
      "properties": {
        "@id": "node/10034045412",
        "amenity": "driving_school",
        "name": "Namaste Driving Training Trial Center"
      },
      "geometry": {
        "type": "Point",
        "coordinates": [
          85.3315058,
          27.7425528
        ]
      },
      "id": "node/10034045412"
    },
    {
      "type": "Feature",
      "properties": {
        "@id": "node/10034114468",
        "amenity": "language_school"
      },
      "geometry": {
        "type": "Point",
        "coordinates": [
          85.3128791,
          27.7351382
        ]
      },
      "id": "node/10034114468"
    },
    {
      "type": "Feature",
      "properties": {
        "@id": "node/10035646709",
        "amenity": "prep_school",
        "level": "2",
        "name": "Global Sky Academy",
        "name:en": "Global Sky Academy",
        "name:ne": "",
        "phone": "01-4950166"
      },
      "geometry": {
        "type": "Point",
        "coordinates": [
          85.3166528,
          27.7355186
        ]
      },
      "id": "node/10035646709"
    },
    {
      "type": "Feature",
      "properties": {
        "@id": "node/10035781445",
        "amenity": "prep_school"
      },
      "geometry": {
        "type": "Point",
        "coordinates": [
          85.3175276,
          27.7354127
        ]
      },
      "id": "node/10035781445"
    },
    {
      "type": "Feature",
      "properties": {
        "@id": "node/10035781447",
        "amenity": "college",
        "name": "Supreme College"
      },
      "geometry": {
        "type": "Point",
        "coordinates": [
          85.3177786,
          27.7353902
        ]
      },
      "id": "node/10035781447"
    },
    {
      "type": "Feature",
      "properties": {
        "@id": "node/10035781448",
        "amenity": "language_school",
        "name": "ताकाहासी जापानी भाषा संस्थान",
        "name:en": "Takahasi Japanese Language Institute",
        "name:ne": "ताकाहासी जापानी भाषा संस्थान"
      },
      "geometry": {
        "type": "Point",
        "coordinates": [
          85.3185156,
          27.7354948
        ]
      },
      "id": "node/10035781448"
    },
    {
      "type": "Feature",
      "properties": {
        "@id": "node/10035781449",
        "amenity": "prep_school",
        "name": "फर्च्युन एकेडेमी",
        "name:en": "Fortune Academy",
        "name:ne": "फर्च्युन एकेडेमी"
      },
      "geometry": {
        "type": "Point",
        "coordinates": [
          85.318526,
          27.7354447
        ]
      },
      "id": "node/10035781449"
    },
    {
      "type": "Feature",
      "properties": {
        "@id": "node/10036073645",
        "amenity": "school",
        "name": "पञ्चायन आकाशीय विद्यालय",
        "name:en": "Panchayan Celestial School",
        "name:ne": "पञ्चायन आकाशीय विद्यालय"
      },
      "geometry": {
        "type": "Point",
        "coordinates": [
          85.3260316,
          27.7404539
        ]
      },
      "id": "node/10036073645"
    },
    {
      "type": "Feature",
      "properties": {
        "@id": "node/10036515855",
        "amenity": "language_school",
        "name": "Pascal institute"
      },
      "geometry": {
        "type": "Point",
        "coordinates": [
          85.3114019,
          27.7350666
        ]
      },
      "id": "node/10036515855"
    },
    {
      "type": "Feature",
      "properties": {
        "@id": "node/10036515864",
        "amenity": "language_school",
        "name": "sAYAPATRI bHASA PATHSALA"
      },
      "geometry": {
        "type": "Point",
        "coordinates": [
          85.3112521,
          27.7350875
        ]
      },
      "id": "node/10036515864"
    },
    {
      "type": "Feature",
      "properties": {
        "@id": "node/10046431518",
        "amenity": "school",
        "name": "बाल प्यालेस मन्टेश्वरी",
        "name:en": "Baby Palace Montessori & Child Care",
        "name:ne": "बाल प्यालेस मन्टेश्वरी"
      },
      "geometry": {
        "type": "Point",
        "coordinates": [
          85.3656749,
          27.6750444
        ]
      },
      "id": "node/10046431518"
    },
    {
      "type": "Feature",
      "properties": {
        "@id": "node/10048474035",
        "amenity": "driving_school",
        "name": "Universal Driving Training Center"
      },
      "geometry": {
        "type": "Point",
        "coordinates": [
          85.3582898,
          27.6700612
        ]
      },
      "id": "node/10048474035"
    },
    {
      "type": "Feature",
      "properties": {
        "@id": "node/10054941261",
        "amenity": "college",
        "name": "Samriddhi College"
      },
      "geometry": {
        "type": "Point",
        "coordinates": [
          85.3613425,
          27.6764588
        ]
      },
      "id": "node/10054941261"
    },
    {
      "type": "Feature",
      "properties": {
        "@id": "node/10100629653",
        "addr:city": "Kathmandu",
        "amenity": "kindergarten",
        "name": "Nepal Mega School(Pre-block)",
        "phone": "01-4102687",
        "preschool": "yes",
        "website": "https://nepalmegaschool.edu.np"
      },
      "geometry": {
        "type": "Point",
        "coordinates": [
          85.3295984,
          27.6962149
        ]
      },
      "id": "node/10100629653"
    },
    {
      "type": "Feature",
      "properties": {
        "@id": "node/10121388684",
        "amenity": "driving_school",
        "mobile": "9849213390",
        "name": "क्रेअशन प्रसिक्षन् केन्द्र",
        "name:en": "Creation Driving School",
        "name:ne": "क्रेअशन प्रसिक्षन् केन्द्र"
      },
      "geometry": {
        "type": "Point",
        "coordinates": [
          85.3434158,
          27.6840822
        ]
      },
      "id": "node/10121388684"
    },
    {
      "type": "Feature",
      "properties": {
        "@id": "node/10121400957",
        "amenity": "driving_school",
        "mobile": "9840335014",
        "name": "Sahayogi Motor Driving Institute Pvt.Ltd"
      },
      "geometry": {
        "type": "Point",
        "coordinates": [
          85.3394694,
          27.6786188
        ]
      },
      "id": "node/10121400957"
    },
    {
      "type": "Feature",
      "properties": {
        "@id": "node/10121403387",
        "amenity": "driving_school",
        "mobile": "9841169278",
        "name": "R.N Driving Training Center"
      },
      "geometry": {
        "type": "Point",
        "coordinates": [
          85.3491612,
          27.68239
        ]
      },
      "id": "node/10121403387"
    },
    {
      "type": "Feature",
      "properties": {
        "@id": "node/10121417288",
        "amenity": "school",
        "mobile": "9851054566",
        "name": "प्यासन इन्टरनेसनल एजुकेशन प्रा. लि",
        "name:en": "Passion International Education Pvt.Ltd",
        "name:ne": "प्यासन इन्टरनेसनल एजुकेशन प्रा. लि",
        "phone": "014111608"
      },
      "geometry": {
        "type": "Point",
        "coordinates": [
          85.3464702,
          27.6841295
        ]
      },
      "id": "node/10121417288"
    },
    {
      "type": "Feature",
      "properties": {
        "@id": "node/10121523043",
        "amenity": "school",
        "name": "शेमरोक किड्स वन्डरल्याण्ड",
        "name:en": "Shemrock Kids Wonderland",
        "name:ne": "शेमरोक किड्स वन्डरल्याण्ड"
      },
      "geometry": {
        "type": "Point",
        "coordinates": [
          85.3473492,
          27.6811396
        ]
      },
      "id": "node/10121523043"
    },
    {
      "type": "Feature",
      "properties": {
        "@id": "node/10157319017",
        "amenity": "driving_school",
        "name:en": "PL driving centre"
      },
      "geometry": {
        "type": "Point",
        "coordinates": [
          85.3124607,
          27.7440853
        ]
      },
      "id": "node/10157319017"
    },
    {
      "type": "Feature",
      "properties": {
        "@id": "node/10221011717",
        "amenity": "college",
        "name": "Central College"
      },
      "geometry": {
        "type": "Point",
        "coordinates": [
          85.3492613,
          27.6976342
        ]
      },
      "id": "node/10221011717"
    },
    {
      "type": "Feature",
      "properties": {
        "@id": "node/10221032025",
        "amenity": "school"
      },
      "geometry": {
        "type": "Point",
        "coordinates": [
          85.3560306,
          27.7304344
        ]
      },
      "id": "node/10221032025"
    },
    {
      "type": "Feature",
      "properties": {
        "@id": "node/10221032026",
        "amenity": "school"
      },
      "geometry": {
        "type": "Point",
        "coordinates": [
          85.3546101,
          27.7299817
        ]
      },
      "id": "node/10221032026"
    },
    {
      "type": "Feature",
      "properties": {
        "@id": "node/10290840609",
        "amenity": "school",
        "name": "जनकनाथ स्मृति माध्यमिक बिद्यालय",
        "name:en": "Janak Nath Memorial Secondary School",
        "name:ne": "जनकनाथ स्मृति माध्यमिक बिद्यालय"
      },
      "geometry": {
        "type": "Point",
        "coordinates": [
          85.3136819,
          27.7182703
        ]
      },
      "id": "node/10290840609"
    },
    {
      "type": "Feature",
      "properties": {
        "@id": "node/10290840610",
        "amenity": "school",
        "name": "श्री शान्ति बिध्यागृह माध्यमिक विद्यालय",
        "name:en": "Shree Shanti Vidyagriha S.S.",
        "name:ne": "श्री शान्ति बिध्यागृह माध्यमिक विद्यालय",
        "opening_hours": "Sa-Th 09:00-16:00",
        "phone": "01-4412099"
      },
      "geometry": {
        "type": "Point",
        "coordinates": [
          85.3136696,
          27.717951
        ]
      },
      "id": "node/10290840610"
    },
    {
      "type": "Feature",
      "properties": {
        "@id": "node/10305067097",
        "addr:street": "Sukedhara",
        "amenity": "school",
        "name": "बागमती बोर्डिङ स्कुल",
        "name:en": "Bagmati Boarding School",
        "name:ne": "बागमती बोर्डिङ स्कुल"
      },
      "geometry": {
        "type": "Point",
        "coordinates": [
          85.3463974,
          27.7276077
        ]
      },
      "id": "node/10305067097"
    },
    {
      "type": "Feature",
      "properties": {
        "@id": "node/10654444705",
        "amenity": "college",
        "name": "loksewa ayoge"
      },
      "geometry": {
        "type": "Point",
        "coordinates": [
          85.3256352,
          27.7009649
        ]
      },
      "id": "node/10654444705"
    },
    {
      "type": "Feature",
      "properties": {
        "@id": "node/10680048509",
        "addr:street": "Shankha Marg",
        "amenity": "kindergarten",
        "name": "Mills Berry Kids World"
      },
      "geometry": {
        "type": "Point",
        "coordinates": [
          85.3392577,
          27.740054
        ]
      },
      "id": "node/10680048509"
    },
    {
      "type": "Feature",
      "properties": {
        "@id": "node/10716584878",
        "amenity": "college",
        "email": "info@gmail.com",
        "name": "Nepal bank limited",
        "phone": "081391999"
      },
      "geometry": {
        "type": "Point",
        "coordinates": [
          85.3253717,
          27.6896047
        ]
      },
      "id": "node/10716584878"
    },
    {
      "type": "Feature",
      "properties": {
        "@id": "node/10895775364",
        "amenity": "school"
      },
      "geometry": {
        "type": "Point",
        "coordinates": [
          85.3389693,
          27.6713944
        ]
      },
      "id": "node/10895775364"
    },
    {
      "type": "Feature",
      "properties": {
        "@id": "node/10988346447",
        "amenity": "school",
        "name": "Himchuli English Secondary School"
      },
      "geometry": {
        "type": "Point",
        "coordinates": [
          85.3385313,
          27.6622457
        ]
      },
      "id": "node/10988346447"
    },
    {
      "type": "Feature",
      "properties": {
        "@id": "node/11011936485",
        "amenity": "school",
        "name": "Kathmandu Meridian School"
      },
      "geometry": {
        "type": "Point",
        "coordinates": [
          85.3440446,
          27.7392757
        ]
      },
      "id": "node/11011936485"
    },
    {
      "type": "Feature",
      "properties": {
        "@id": "node/11035159505",
        "amenity": "college",
        "name:en": "Institute of Engineering, Thapathali Campus"
      },
      "geometry": {
        "type": "Point",
        "coordinates": [
          85.3190851,
          27.6941299
        ]
      },
      "id": "node/11035159505"
    },
    {
      "type": "Feature",
      "properties": {
        "@id": "node/11061895705",
        "addr:street": "Bafal Bhelpa Marg",
        "amenity": "school",
        "name": "blue bird School",
        "name:en": "AVS School"
      },
      "geometry": {
        "type": "Point",
        "coordinates": [
          85.3317601,
          27.664273
        ]
      },
      "id": "node/11061895705"
    },
    {
      "type": "Feature",
      "properties": {
        "@id": "node/11080760305",
        "amenity": "school"
      },
      "geometry": {
        "type": "Point",
        "coordinates": [
          85.2885091,
          27.7391256
        ]
      },
      "id": "node/11080760305"
    },
    {
      "type": "Feature",
      "properties": {
        "@id": "node/11252217741",
        "amenity": "school",
        "name:en": "Mickey's International Pre-Primary School"
      },
      "geometry": {
        "type": "Point",
        "coordinates": [
          85.3193748,
          27.6865995
        ]
      },
      "id": "node/11252217741"
    },
    {
      "type": "Feature",
      "properties": {
        "@id": "node/11336017070",
        "amenity": "college"
      },
      "geometry": {
        "type": "Point",
        "coordinates": [
          85.2809866,
          27.6991023
        ]
      },
      "id": "node/11336017070"
    },
    {
      "type": "Feature",
      "properties": {
        "@id": "node/11345556685",
        "amenity": "school",
        "name": "वेदिक स्कुल",
        "name:en": "vedic school"
      },
      "geometry": {
        "type": "Point",
        "coordinates": [
          85.3636058,
          27.6683115
        ]
      },
      "id": "node/11345556685"
    },
    {
      "type": "Feature",
      "properties": {
        "@id": "node/11359735869",
        "amenity": "kindergarten",
        "name:en": "Tutu’s World"
      },
      "geometry": {
        "type": "Point",
        "coordinates": [
          85.3458219,
          27.7348521
        ]
      },
      "id": "node/11359735869"
    },
    {
      "type": "Feature",
      "properties": {
        "@id": "node/11442942719",
        "addr:city": "Kathmandu",
        "addr:postcode": "44600",
        "addr:street": "Anamnagar",
        "amenity": "college",
        "internet_access": "yes",
        "internet_access:fee": "customers",
        "name": "Liberty College",
        "website": "https://libertycollege.edu.np/"
      },
      "geometry": {
        "type": "Point",
        "coordinates": [
          85.3288968,
          27.6944726
        ]
      },
      "id": "node/11442942719"
    },
    {
      "type": "Feature",
      "properties": {
        "@id": "node/11505176618",
        "amenity": "school",
        "name": "Holi Garden Boarding High School"
      },
      "geometry": {
        "type": "Point",
        "coordinates": [
          85.3049494,
          27.7328033
        ]
      },
      "id": "node/11505176618"
    },
    {
      "type": "Feature",
      "properties": {
        "@id": "node/11767842469",
        "addr:street": "Koteshwor Jhulungepul",
        "amenity": "college",
        "name:en": "Triton College"
      },
      "geometry": {
        "type": "Point",
        "coordinates": [
          85.3384467,
          27.6760205
        ]
      },
      "id": "node/11767842469"
    },
    {
      "type": "Feature",
      "properties": {
        "@id": "node/11875486985",
        "amenity": "college",
        "name": "CCRC College",
        "name:en": "CCRC College",
        "opening_hours": "Sa-Th 06:00-17:00",
        "phone": "01-5100423",
        "website": "https://www.ccrc.edu.np/"
      },
      "geometry": {
        "type": "Point",
        "coordinates": [
          85.3435571,
          27.6728896
        ]
      },
      "id": "node/11875486985"
    },
    {
      "type": "Feature",
      "properties": {
        "@id": "node/11876294169",
        "amenity": "college",
        "name:en": "King collage"
      },
      "geometry": {
        "type": "Point",
        "coordinates": [
          85.3279853,
          27.6891256
        ]
      },
      "id": "node/11876294169"
    },
    {
      "type": "Feature",
      "properties": {
        "@id": "node/11932979656",
        "amenity": "language_school",
        "name": "Paradise Multi Institute"
      },
      "geometry": {
        "type": "Point",
        "coordinates": [
          85.3231435,
          27.6680492
        ]
      },
      "id": "node/11932979656"
    },
    {
      "type": "Feature",
      "properties": {
        "@id": "node/11933003491",
        "amenity": "school",
        "name": "Study Destination Center"
      },
      "geometry": {
        "type": "Point",
        "coordinates": [
          85.3232273,
          27.6677956
        ]
      },
      "id": "node/11933003491"
    },
    {
      "type": "Feature",
      "properties": {
        "@id": "node/11933207290",
        "amenity": "language_school",
        "name": "Prime Language Nepal"
      },
      "geometry": {
        "type": "Point",
        "coordinates": [
          85.3228316,
          27.6676483
        ]
      },
      "id": "node/11933207290"
    },
    {
      "type": "Feature",
      "properties": {
        "@id": "node/11933227317",
        "amenity": "language_school",
        "name": "Sagarmatha Japanes Language Institute"
      },
      "geometry": {
        "type": "Point",
        "coordinates": [
          85.3227582,
          27.667496
        ]
      },
      "id": "node/11933227317"
    },
    {
      "type": "Feature",
      "properties": {
        "@id": "node/11933236331",
        "amenity": "language_school",
        "name": "Slash Education Foundation"
      },
      "geometry": {
        "type": "Point",
        "coordinates": [
          85.322786,
          27.6675696
        ]
      },
      "id": "node/11933236331"
    },
    {
      "type": "Feature",
      "properties": {
        "@id": "node/12118555656",
        "amenity": "college",
        "internet_access": "wlan",
        "internet_access:fee": "customers",
        "name": "Geomatic Institute of Technology",
        "opening_hours": "09:00-14:00",
        "operator": "Purbanchal University (PU)",
        "operator:type": "private",
        "website": "surveycollegenepal.edu.np"
      },
      "geometry": {
        "type": "Point",
        "coordinates": [
          85.3237092,
          27.687247
        ]
      },
      "id": "node/12118555656"
    },
    {
      "type": "Feature",
      "properties": {
        "@id": "node/12125902026",
        "amenity": "school",
        "grades": "12",
        "name": "Deerwalk Sifal School"
      },
      "geometry": {
        "type": "Point",
        "coordinates": [
          85.3419349,
          27.7119153
        ]
      },
      "id": "node/12125902026"
    },
    {
      "type": "Feature",
      "properties": {
        "@id": "node/12147778480",
        "amenity": "school",
        "name": "Deneb Nepal"
      },
      "geometry": {
        "type": "Point",
        "coordinates": [
          85.338062,
          27.6941974
        ]
      },
      "id": "node/12147778480"
    },
    {
      "type": "Feature",
      "properties": {
        "@id": "node/12147778481",
        "amenity": "school",
        "name": "Everest Florida College"
      },
      "geometry": {
        "type": "Point",
        "coordinates": [
          85.3363406,
          27.6942016
        ]
      },
      "id": "node/12147778481"
    },
    {
      "type": "Feature",
      "properties": {
        "@id": "node/12468233701",
        "addr:street": "ग्वारको-हात्तिवन सडक",
        "amenity": "driving_school",
        "internet_access": "wlan",
        "name": "Active Driving Centre"
      },
      "geometry": {
        "type": "Point",
        "coordinates": [
          85.331255,
          27.6616911
        ]
      },
      "id": "node/12468233701"
    },
    {
      "type": "Feature",
      "properties": {
        "@id": "node/13347308601",
        "amenity": "college",
        "name": "St. Xavier's College Loyola Campus"
      },
      "geometry": {
        "type": "Point",
        "coordinates": [
          85.320327,
          27.6917036
        ]
      },
      "id": "node/13347308601"
    },
    {
      "type": "Feature",
      "properties": {
        "@id": "node/13773438728",
        "amenity": "driving_school",
        "education": "driving_school",
        "name": "Khadadevi Driving Center"
      },
      "geometry": {
        "type": "Point",
        "coordinates": [
          85.3612479,
          27.6647345
        ]
      },
      "id": "node/13773438728"
    },
    {
      "type": "Feature",
      "properties": {
        "@id": "node/13982195841",
        "amenity": "school",
        "education": "school",
        "name": "Pineridge Academy"
      },
      "geometry": {
        "type": "Point",
        "coordinates": [
          85.3539766,
          27.7349105
        ]
      },
      "id": "node/13982195841"
    },
    {
      "type": "Feature",
      "properties": {
        "@id": "node/13987915001",
        "addr:housenumber": "19",
        "amenity": "music_school",
        "name": "Surshala Music Academy"
      },
      "geometry": {
        "type": "Point",
        "coordinates": [
          85.315812,
          27.6836697
        ]
      },
      "id": "node/13987915001"
    }
  ]
}